t,n,x_n,y_n,x_degenerate,y_degenerate
0.025,541,270,271,0,0
0.05,541,270,271,0,0
0.076,541,270,271,0,0
0.301,541,270,271,0,0
0.351,541,270,271,0,0
0.376,541,270,271,0,0
0.401,541,270,271,0,0
0.426,541,270,271,0,0
0.451,541,270,271,0,0
0.476,541,270,271,0,0
0.551,541,270,271,0,0
0.626,541,270,271,0,0
0.651,541,270,271,0,0
0.676,541,270,271,0,0
0.876,541,270,271,0,0
1.026,541,270,271,0,0
1.051,541,270,271,0,0
1.076,541,270,271,0,0
1.101,541,270,271,0,0
1.126,541,270,271,0,0
1.151,541,270,271,0,0
1.201,541,270,271,0,0
1.276,541,270,271,0,0
1.351,541,270,271,0,0
1.376,541,270,271,0,0
1.401,541,270,271,0,0
1.451,541,270,271,0,0
1.476,541,270,271,0,0
1.501,541,270,271,0,0
1.526,541,270,271,0,0
1.551,541,270,271,0,0
1.576,541,270,271,0,0
1.651,541,270,271,0,0
1.676,541,270,271,0,0
1.701,541,270,271,0,0
1.751,541,270,271,0,0
1.776,541,270,271,0,0
1.801,541,270,271,0,0
1.876,541,270,271,0,0
2.101,541,270,271,0,0
2.126,541,270,271,0,0
2.151,541,270,271,0,0
2.176,541,270,271,0,0
2.201,541,270,271,0,0
2.226,541,270,271,0,0
2.276,541,270,271,0,0
2.301,541,270,271,0,0
2.326,541,270,271,0,0
2.351,541,270,271,0,0
2.376,541,270,271,0,0
2.401,541,270,271,0,0
2.451,541,270,271,0,0
2.476,537,268,269,0,0
2.501,537,268,269,0,0
2.526,541,270,271,0,0
2.551,541,270,271,0,0
2.576,541,270,271,0,0
2.651,541,270,271,0,0
2.676,541,270,271,0,0
2.701,541,270,271,0,0
2.726,541,270,271,0,0
2.751,541,270,271,0,0
2.776,541,270,271,0,0
2.801,541,270,271,0,0
2.826,541,270,271,0,0
2.851,541,270,271,0,0
2.876,541,270,271,0,0
2.901,541,270,271,0,0
2.926,541,270,271,0,0
2.951,541,270,271,0,0
2.976,537,268,269,0,0
3.001,541,270,271,0,0
3.026,541,270,271,0,0
3.051,541,270,271,0,0
3.076,541,270,271,0,0
3.101,541,270,271,0,0
3.126,541,270,271,0,0
3.151,541,270,271,0,0
3.176,541,270,271,0,0
3.201,541,270,271,0,0
3.226,541,270,271,0,0
3.251,541,270,271,0,0
3.276,541,270,271,0,0
3.301,541,270,271,0,0
3.326,541,270,271,0,0
3.351,541,270,271,0,0
3.376,541,270,271,0,0
3.401,541,270,271,0,0
3.426,541,270,271,0,0
3.451,541,270,271,0,0
3.476,541,270,271,0,0
3.501,541,270,271,0,0
3.526,541,270,271,0,0
3.551,541,270,271,0,0
3.576,541,270,271,0,0
3.601,541,270,271,0,0
3.626,541,270,271,0,0
3.651,541,270,271,0,0
3.676,541,270,271,0,0
3.701,541,270,271,0,0
3.726,541,270,271,0,0
3.751,541,270,271,0,0
3.776,541,270,271,0,0
3.801,541,270,271,0,0
3.826,541,270,271,0,0
3.851,541,270,271,0,0
3.876,541,270,271,0,0
3.901,541,270,271,0,0
3.926,541,270,271,0,0
3.951,541,270,271,0,0
3.976,541,270,271,0,0
4.001,541,270,271,0,0
4.026,541,270,271,0,0
4.051,541,270,271,0,0
4.076,541,270,271,0,0
4.101,541,270,271,0,0
4.126,541,270,271,0,0
4.151,541,270,271,0,0
4.176,541,270,271,0,0
4.201,541,270,271,0,0
4.226,541,270,271,0,0
4.251,541,270,271,0,0
4.276,541,270,271,0,0
4.301,541,270,271,0,0
4.326,541,270,271,0,0
4.351,541,270,271,0,0
4.376,541,270,271,0,0
4.401,541,270,271,0,0
4.451,541,270,271,0,0
4.501,541,270,271,0,0
4.526,541,270,271,0,0
4.551,541,270,271,0,0
4.576,541,270,271,0,0
4.601,541,270,271,0,0
4.626,541,270,271,0,0
4.651,541,270,271,0,0
4.676,541,270,271,0,0
4.701,541,270,271,0,0
4.726,541,270,271,0,0
4.751,541,270,271,0,0
4.776,541,270,271,0,0
4.801,541,270,271,0,0
4.826,541,270,271,0,0
4.851,541,270,271,0,0
4.876,541,270,271,0,0
4.926,541,270,271,0,0
4.951,541,270,271,0,0
4.976,541,270,271,0,0
5.001,541,270,271,0,0
5.026,541,270,271,0,0
5.051,541,270,271,0,0
5.076,541,270,271,0,0
5.101,541,270,271,0,0
5.126,541,270,271,0,0
5.151,541,270,271,0,0
5.176,541,270,271,0,0
5.201,541,270,271,0,0
5.251,541,270,271,0,0
5.276,541,270,271,0,0
5.326,541,270,271,0,0
5.351,541,270,271,0,0
5.376,541,270,271,0,0
5.401,541,270,271,0,0
5.426,541,270,271,0,0
5.451,541,270,271,0,0
5.501,541,270,271,0,0
5.526,541,270,271,0,0
5.551,541,270,271,0,0
5.601,541,270,271,0,0
5.626,541,270,271,0,0
5.651,541,270,271,0,0
5.701,541,270,271,0,0
5.726,541,270,271,0,0
5.751,541,270,271,0,0
5.776,541,270,271,0,0
5.826,541,270,271,0,0
5.851,541,270,271,0,0
5.876,541,270,271,0,0
5.901,541,270,271,0,0
5.926,541,270,271,0,0
5.951,541,270,271,0,0
5.976,541,270,271,0,0
6.001,541,270,271,0,0
6.026,541,270,271,0,0
6.051,541,270,271,0,0
6.076,541,270,271,0,0
6.101,541,270,271,0,0
6.151,541,270,271,0,0
6.176,541,270,271,0,0
6.201,541,270,271,0,0
6.226,541,270,271,0,0
6.276,541,270,271,0,0
6.326,541,270,271,0,0
6.351,541,270,271,0,0
6.376,541,270,271,0,0
6.401,541,270,271,0,0
6.426,541,270,271,0,0
6.451,536,268,268,0,0
6.476,541,270,271,0,0
6.501,541,270,271,0,0
6.551,541,270,271,0,0
6.576,541,270,271,0,0
6.601,541,270,271,0,0
6.701,541,270,271,0,0
6.726,541,270,271,0,0
6.776,541,270,271,0,0
6.826,541,270,271,0,0
6.876,541,270,271,0,0
6.901,541,270,271,0,0
6.926,541,270,271,0,0
6.951,541,270,271,0,0
6.976,541,270,271,0,0
7.001,541,270,271,0,0
7.026,541,270,271,0,0
7.051,541,270,271,0,0
7.076,541,270,271,0,0
7.151,541,270,271,0,0
7.176,541,270,271,0,0
7.201,541,270,271,0,0
7.276,541,270,271,0,0
7.301,541,270,271,0,0
7.326,541,270,271,0,0
7.351,541,270,271,0,0
7.401,541,270,271,0,0
7.426,541,270,271,0,0
7.476,541,270,271,0,0
7.501,541,270,271,0,0
7.526,541,270,271,0,0
7.551,541,270,271,0,0
7.576,541,270,271,0,0
7.601,537,268,269,0,0
7.626,541,270,271,0,0
7.651,541,270,271,0,0
7.676,541,270,271,0,0
7.701,541,270,271,0,0
7.726,537,268,269,0,0
7.776,541,270,271,0,0
7.801,541,270,271,0,0
7.826,541,270,271,0,0
7.851,541,270,271,0,0
7.876,541,270,271,0,0
7.901,541,270,271,0,0
7.926,541,270,271,0,0
7.951,541,270,271,0,0
7.976,541,270,271,0,0
8.001,541,270,271,0,0
8.026,541,270,271,0,0
8.051,541,270,271,0,0
8.076,541,270,271,0,0
8.101,541,270,271,0,0
8.126,541,270,271,0,0
8.151,541,270,271,0,0
8.176,541,270,271,0,0
8.201,541,270,271,0,0
8.226,541,270,271,0,0
8.251,541,270,271,0,0
8.276,541,270,271,0,0
8.301,541,270,271,0,0
8.326,541,270,271,0,0
8.351,541,270,271,0,0
8.376,541,270,271,0,0
8.401,541,270,271,0,0
8.426,541,270,271,0,0
8.451,541,270,271,0,0
8.476,541,270,271,0,0
8.501,541,270,271,0,0
8.526,541,270,271,0,0
8.551,541,270,271,0,0
8.576,541,270,271,0,0
8.601,541,270,271,0,0
8.626,541,270,271,0,0
8.651,541,270,271,0,0
8.676,541,270,271,0,0
8.701,541,270,271,0,0
8.726,541,270,271,0,0
8.751,541,270,271,0,0
8.776,541,270,271,0,0
8.801,541,270,271,0,0
8.826,541,270,271,0,0
8.851,541,270,271,0,0
8.876,541,270,271,0,0
8.901,541,270,271,0,0
8.926,541,270,271,0,0
8.951,541,270,271,0,0
8.976,541,270,271,0,0
9.001,541,270,271,0,0
9.026,541,270,271,0,0
9.051,541,270,271,0,0
9.076,541,270,271,0,0
9.101,541,270,271,0,0
9.126,541,270,271,0,0
9.176,541,270,271,0,0
9.201,541,270,271,0,0
9.226,541,270,271,0,0
9.251,541,270,271,0,0
9.276,541,270,271,0,0
9.301,541,270,271,0,0
9.326,541,270,271,0,0
9.351,541,270,271,0,0
9.376,541,270,271,0,0
9.426,541,270,271,0,0
9.451,541,270,271,0,0
9.476,541,270,271,0,0
9.501,541,270,271,0,0
9.526,536,268,268,0,0
9.551,541,270,271,0,0
9.576,541,270,271,0,0
9.601,541,270,271,0,0
9.626,541,270,271,0,0
9.651,541,270,271,0,0
9.701,541,270,271,0,0
9.726,541,270,271,0,0
9.751,541,270,271,0,0
9.776,541,270,271,0,0
9.801,541,270,271,0,0
9.826,541,270,271,0,0
9.851,541,270,271,0,0
9.876,541,270,271,0,0
9.901,541,270,271,0,0
9.926,541,270,271,0,0
9.951,541,270,271,0,0
9.976,541,270,271,0,0
10.001,541,270,271,0,0
10.026,541,270,271,0,0
10.051,541,270,271,0,0
10.076,541,270,271,0,0
10.101,541,270,271,0,0
10.126,541,270,271,0,0
10.151,541,270,271,0,0
10.176,541,270,271,0,0
10.201,541,270,271,0,0
10.226,541,270,271,0,0
10.251,541,270,271,0,0
10.276,541,270,271,0,0
10.301,541,270,271,0,0
10.326,541,270,271,0,0
10.351,541,270,271,0,0
10.376,541,270,271,0,0
10.401,541,270,271,0,0
10.426,541,270,271,0,0
10.451,541,270,271,0,0
10.476,541,270,271,0,0
10.501,541,270,271,0,0
10.526,541,270,271,0,0
10.551,541,270,271,0,0
10.576,541,270,271,0,0
10.601,541,270,271,0,0
10.626,541,270,271,0,0
10.676,541,270,271,0,0
10.701,534,267,267,0,0
10.726,531,265,266,0,0
10.751,532,266,266,0,0
10.776,521,260,261,0,0
10.801,520,260,260,0,0
10.826,520,260,260,0,0
10.851,510,255,255,0,0
10.876,504,252,252,0,0
10.901,505,252,253,0,0
10.926,504,252,252,0,0
10.951,497,248,249,0,0
10.976,493,246,247,0,0
11.001,521,260,261,0,0
11.026,487,243,244,0,0
11.051,520,260,260,0,0
11.076,519,259,260,0,0
11.101,520,260,260,0,0
11.126,519,259,260,0,0
11.151,516,258,258,0,0
11.176,519,259,260,0,0
11.201,519,259,260,0,0
11.226,519,259,260,0,0
11.251,519,259,260,0,0
11.276,515,257,258,0,0
11.301,519,259,260,0,0
11.326,487,243,244,0,0
11.351,487,243,244,0,0
11.376,489,244,245,0,0
11.401,491,245,246,0,0
11.426,490,245,245,0,0
11.451,490,245,245,0,0
11.476,491,245,246,0,0
11.501,492,246,246,0,0
11.526,492,246,246,0,0
11.551,486,243,243,0,0
11.576,491,245,246,0,0
11.601,492,246,246,0,0
11.626,491,245,246,0,0
11.651,491,245,246,0,0
11.676,492,246,246,0,0
11.701,493,246,247,0,0
11.726,492,246,246,0,0
11.751,492,246,246,0,0
11.776,493,246,247,0,0
11.801,492,246,246,0,0
11.826,511,255,256,0,0
11.851,492,246,246,0,0
11.876,492,246,246,0,0
11.901,488,244,244,0,0
11.926,492,246,246,0,0
11.951,492,246,246,0,0
11.976,492,246,246,0,0
12.001,492,246,246,0,0
12.026,492,246,246,0,0
12.051,493,246,247,0,0
12.076,494,247,247,0,0
12.101,490,245,245,0,0
12.126,492,246,246,0,0
12.151,491,245,246,0,0
12.176,492,246,246,0,0
12.201,491,245,246,0,0
12.226,492,246,246,0,0
12.251,492,246,246,0,0
12.276,491,245,246,0,0
12.301,491,245,246,0,0
12.326,490,245,245,0,0
12.351,491,245,246,0,0
12.376,490,245,245,0,0
12.401,491,245,246,0,0
12.426,491,245,246,0,0
12.451,491,245,246,0,0
12.476,490,245,245,0,0
12.501,509,254,255,0,0
12.526,492,246,246,0,0
12.551,490,245,245,0,0
12.576,490,245,245,0,0
12.601,491,245,246,0,0
12.626,490,245,245,0,0
12.651,492,246,246,0,0
12.676,490,245,245,0,0
12.701,490,245,245,0,0
12.726,491,245,246,0,0
12.751,492,246,246,0,0
12.776,491,245,246,0,0
12.801,492,246,246,0,0
12.826,490,245,245,0,0
12.851,492,246,246,0,0
12.876,489,244,245,0,0
12.901,491,245,246,0,0
12.926,489,244,245,0,0
12.951,486,243,243,0,0
12.976,490,245,245,0,0
13.001,492,246,246,0,0
13.026,489,244,245,0,0
13.051,491,245,246,0,0
13.076,490,245,245,0,0
13.101,493,246,247,0,0
13.126,509,254,255,0,0
13.151,491,245,246,0,0
13.176,491,245,246,0,0
13.201,490,245,245,0,0
13.226,490,245,245,0,0
13.251,487,243,244,0,0
13.276,493,246,247,0,0
13.301,490,245,245,0,0
13.326,490,245,245,0,0
13.376,491,245,246,0,0
13.401,490,245,245,0,0
13.426,493,246,247,0,0
13.451,491,245,246,0,0
13.476,490,245,245,0,0
13.501,491,245,246,0,0
13.526,490,245,245,0,0
13.551,489,244,245,0,0
13.576,491,245,246,0,0
13.601,490,245,245,0,0
13.626,490,245,245,0,0
13.651,491,245,246,0,0
13.676,492,246,246,0,0
13.701,486,243,243,0,0
13.726,492,246,246,0,0
13.751,490,245,245,0,0
13.776,491,245,246,0,0
13.801,510,255,255,0,0
13.826,486,243,243,0,0
13.851,490,245,245,0,0
13.876,491,245,246,0,0
13.901,491,245,246,0,0
13.926,489,244,245,0,0
13.951,490,245,245,0,0
13.976,491,245,246,0,0
14.001,491,245,246,0,0
14.026,490,245,245,0,0
14.051,489,244,245,0,0
14.101,490,245,245,0,0
14.126,491,245,246,0,0
14.151,492,246,246,0,0
14.176,490,245,245,0,0
14.201,490,245,245,0,0
14.226,490,245,245,0,0
14.251,490,245,245,0,0
14.276,492,246,246,0,0
14.301,491,245,246,0,0
14.326,490,245,245,0,0
14.351,490,245,245,0,0
14.376,490,245,245,0,0
14.401,490,245,245,0,0
14.426,491,245,246,0,0
14.451,491,245,246,0,0
14.476,509,254,255,0,0
14.501,492,246,246,0,0
14.526,492,246,246,0,0
14.551,490,245,245,0,0
14.576,491,245,246,0,0
14.601,490,245,245,0,0
14.626,491,245,246,0,0
14.651,490,245,245,0,0
14.676,490,245,245,0,0
14.701,490,245,245,0,0
14.726,494,247,247,0,0
14.751,490,245,245,0,0
14.776,494,247,247,0,0
14.801,485,242,243,0,0
14.826,509,254,255,0,0
14.851,490,245,245,0,0
14.876,490,245,245,0,0
14.901,492,246,246,0,0
14.951,492,246,246,0,0
14.976,490,245,245,0,0
15.001,490,245,245,0,0
15.026,490,245,245,0,0
15.051,489,244,245,0,0
15.076,491,245,246,0,0
15.101,490,245,245,0,0
15.126,487,243,244,0,0
15.151,490,245,245,0,0
15.176,491,245,246,0,0
15.201,490,245,245,0,0
15.226,491,245,246,0,0
15.251,492,246,246,0,0
15.276,493,246,247,0,0
15.301,490,245,245,0,0
15.326,490,245,245,0,0
15.351,490,245,245,0,0
15.376,491,245,246,0,0
15.401,492,246,246,0,0
15.426,490,245,245,0,0
15.451,490,245,245,0,0
15.476,491,245,246,0,0
15.501,491,245,246,0,0
15.526,491,245,246,0,0
15.551,491,245,246,0,0
15.576,491,245,246,0,0
15.601,493,246,247,0,0
15.626,510,255,255,0,0
15.651,491,245,246,0,0
15.676,490,245,245,0,0
15.701,490,245,245,0,0
15.726,490,245,245,0,0
15.751,491,245,246,0,0
15.776,490,245,245,0,0
15.801,490,245,245,0,0
15.826,490,245,245,0,0
15.851,490,245,245,0,0
15.876,494,247,247,0,0
15.901,491,245,246,0,0
15.926,490,245,245,0,0
15.951,490,245,245,0,0
15.976,489,244,245,0,0
16.026,490,245,245,0,0
16.051,490,245,245,0,0
16.076,493,246,247,0,0
16.101,490,245,245,0,0
16.126,490,245,245,0,0
16.151,490,245,245,0,0
16.176,490,245,245,0,0
16.201,490,245,245,0,0
16.226,492,246,246,0,0
16.251,490,245,245,0,0
16.276,490,245,245,0,0
16.301,491,245,246,0,0
16.326,491,245,246,0,0
16.351,489,244,245,0,0
16.376,491,245,246,0,0
16.401,492,246,246,0,0
16.426,492,246,246,0,0
16.451,490,245,245,0,0
16.476,493,246,247,0,0
16.501,493,246,247,0,0
16.526,489,244,245,0,0
16.551,490,245,245,0,0
16.576,490,245,245,0,0
16.601,490,245,245,0,0
16.626,490,245,245,0,0
16.651,490,245,245,0,0
16.676,491,245,246,0,0
16.701,491,245,246,0,0
16.726,490,245,245,0,0
16.751,491,245,246,0,0
16.776,491,245,246,0,0
16.801,492,246,246,0,0
16.826,491,245,246,0,0
16.851,492,246,246,0,0
16.876,491,245,246,0,0
16.901,491,245,246,0,0
16.926,491,245,246,0,0
16.951,491,245,246,0,0
16.976,493,246,247,0,0
17.001,491,245,246,0,0
17.026,492,246,246,0,0
17.051,491,245,246,0,0
17.076,490,245,245,0,0
17.101,490,245,245,0,0
17.126,490,245,245,0,0
17.151,490,245,245,0,0
17.176,490,245,245,0,0
17.201,490,245,245,0,0
17.226,491,245,246,0,0
17.251,490,245,245,0,0
17.276,490,245,245,0,0
17.301,490,245,245,0,0
17.326,491,245,246,0,0
17.351,491,245,246,0,0
17.376,495,247,248,0,0
17.401,490,245,245,0,0
17.426,490,245,245,0,0
17.451,491,245,246,0,0
17.476,491,245,246,0,0
17.501,491,245,246,0,0
17.526,491,245,246,0,0
17.551,491,245,246,0,0
17.576,491,245,246,0,0
17.601,491,245,246,0,0
17.626,491,245,246,0,0
17.651,491,245,246,0,0
17.676,492,246,246,0,0
17.701,510,255,255,0,0
17.726,491,245,246,0,0
17.751,491,245,246,0,0
17.776,491,245,246,0,0
17.801,491,245,246,0,0
17.826,490,245,245,0,0
17.851,492,246,246,0,0
17.876,492,246,246,0,0
17.901,492,246,246,0,0
17.926,490,245,245,0,0
17.951,491,245,246,0,0
17.976,490,245,245,0,0
18.001,491,245,246,0,0
18.026,490,245,245,0,0
18.051,490,245,245,0,0
18.076,494,247,247,0,0
18.101,490,245,245,0,0
18.126,492,246,246,0,0
18.151,509,254,255,0,0
18.176,490,245,245,0,0
18.201,492,246,246,0,0
18.226,492,246,246,0,0
18.251,492,246,246,0,0
18.276,491,245,246,0,0
18.301,490,245,245,0,0
18.326,490,245,245,0,0
18.351,489,244,245,0,0
18.376,491,245,246,0,0
18.401,493,246,247,0,0
18.426,491,245,246,0,0
18.451,490,245,245,0,0
18.476,491,245,246,0,0
18.501,492,246,246,0,0
18.526,489,244,245,0,0
18.551,491,245,246,0,0
18.576,491,245,246,0,0
18.601,491,245,246,0,0
18.626,491,245,246,0,0
18.651,491,245,246,0,0
18.676,492,246,246,0,0
18.701,492,246,246,0,0
18.726,491,245,246,0,0
18.751,490,245,245,0,0
18.776,493,246,247,0,0
18.801,491,245,246,0,0
18.826,490,245,245,0,0
18.851,491,245,246,0,0
18.876,490,245,245,0,0
18.901,490,245,245,0,0
18.926,490,245,245,0,0
18.951,490,245,245,0,0
18.976,490,245,245,0,0
19.001,490,245,245,0,0
19.026,488,244,244,0,0
19.051,510,255,255,0,0
19.076,486,243,243,0,0
19.101,491,245,246,0,0
19.126,490,245,245,0,0
19.151,493,246,247,0,0
19.176,490,245,245,0,0
19.201,490,245,245,0,0
19.226,491,245,246,0,0
19.251,490,245,245,0,0
19.276,490,245,245,0,0
19.301,491,245,246,0,0
19.326,494,247,247,0,0
19.351,490,245,245,0,0
19.376,490,245,245,0,0
19.401,490,245,245,0,0
19.426,491,245,246,0,0
19.451,492,246,246,0,0
19.476,490,245,245,0,0
19.501,491,245,246,0,0
19.526,492,246,246,0,0
19.551,491,245,246,0,0
19.576,491,245,246,0,0
19.601,491,245,246,0,0
19.626,488,244,244,0,0
19.651,490,245,245,0,0
19.676,491,245,246,0,0
19.701,492,246,246,0,0
19.726,491,245,246,0,0
19.751,492,246,246,0,0
19.776,491,245,246,0,0
19.801,487,243,244,0,0
19.826,491,245,246,0,0
19.851,491,245,246,0,0
19.876,487,243,244,0,0
19.901,492,246,246,0,0
19.926,492,246,246,0,0
19.951,510,255,255,0,0
19.976,491,245,246,0,0
20.001,491,245,246,0,0
20.026,491,245,246,0,0
20.051,490,245,245,0,0
20.076,490,245,245,0,0
20.101,488,244,244,0,0
20.126,487,243,244,0,0
20.151,488,244,244,0,0
20.176,508,254,254,0,0
20.201,489,244,245,0,0
20.226,492,246,246,0,0
20.251,525,262,263,0,0
20.276,525,262,263,0,0
20.301,525,262,263,0,0
20.326,520,260,260,0,0
20.351,515,257,258,0,0
20.376,506,253,253,0,0
20.401,509,254,255,0,0
20.426,513,256,257,0,0
20.451,525,262,263,0,0
20.476,519,259,260,0,0
20.501,515,257,258,0,0
20.526,509,254,255,0,0
20.551,511,255,256,0,0
20.576,526,263,263,0,0
20.601,527,263,264,0,0
20.626,528,264,264,0,0
20.651,529,264,265,0,0
20.701,541,270,271,0,0
20.726,531,265,266,0,0
20.751,541,270,271,0,0
20.776,541,270,271,0,0
20.801,541,270,271,0,0
20.826,541,270,271,0,0
20.851,541,270,271,0,0
20.876,541,270,271,0,0
20.901,541,270,271,0,0
20.926,541,270,271,0,0
20.951,541,270,271,0,0
20.976,541,270,271,0,0
21.001,541,270,271,0,0
21.026,541,270,271,0,0
21.051,541,270,271,0,0
21.076,541,270,271,0,0
21.101,541,270,271,0,0
21.126,541,270,271,0,0
21.151,541,270,271,0,0
21.176,537,268,269,0,0
21.201,541,270,271,0,0
21.226,541,270,271,0,0
21.251,541,270,271,0,0
21.276,541,270,271,0,0
21.301,541,270,271,0,0
21.326,541,270,271,0,0
21.351,541,270,271,0,0
21.376,541,270,271,0,0
21.401,541,270,271,0,0
21.426,541,270,271,0,0
21.451,541,270,271,0,0
21.476,541,270,271,0,0
21.501,541,270,271,0,0
21.526,541,270,271,0,0
21.551,541,270,271,0,0
21.576,541,270,271,0,0
21.601,541,270,271,0,0
21.626,541,270,271,0,0
21.651,541,270,271,0,0
21.676,537,268,269,0,0
21.701,541,270,271,0,0
21.726,527,263,264,0,0
21.751,535,267,268,0,0
21.776,535,267,268,0,0
21.801,535,267,268,0,0
21.826,520,260,260,0,0
21.876,522,261,261,0,0
21.901,523,261,262,0,0
21.926,531,265,266,0,0
21.951,527,263,264,0,0
21.976,523,261,262,0,0
22.001,524,262,262,0,0
22.026,528,264,264,0,0
22.051,527,263,264,0,0
22.076,528,264,264,0,0
22.101,533,266,267,0,0
22.126,532,266,266,0,0
22.151,533,266,267,0,0
22.176,532,266,266,0,0
22.201,527,263,264,0,0
22.226,526,263,263,0,0
22.251,528,264,264,0,0
22.276,527,263,264,0,0
22.301,528,264,264,0,0
22.326,528,264,264,0,0
22.351,522,261,261,0,0
22.376,532,266,266,0,0
22.401,527,263,264,0,0
22.426,520,260,260,0,0
22.451,523,261,262,0,0
22.476,522,261,261,0,0
22.501,518,259,259,0,0
22.526,531,265,266,0,0
22.551,532,266,266,0,0
22.576,532,266,266,0,0
22.601,519,259,260,0,0
22.626,526,263,263,0,0
22.651,528,264,264,0,0
22.676,536,268,268,0,0
22.701,532,266,266,0,0
22.726,532,266,266,0,0
22.751,533,266,267,0,0
22.776,541,270,271,0,0
22.801,541,270,271,0,0
22.826,537,268,269,0,0
22.851,531,265,266,0,0
22.876,541,270,271,0,0
22.901,533,266,267,0,0
22.926,541,270,271,0,0
22.951,541,270,271,0,0
22.976,541,270,271,0,0
23.001,541,270,271,0,0
23.026,541,270,271,0,0
23.051,541,270,271,0,0
23.076,534,267,267,0,0
23.101,541,270,271,0,0
23.126,541,270,271,0,0
23.151,534,267,267,0,0
23.176,541,270,271,0,0
23.201,533,266,267,0,0
23.226,541,270,271,0,0
23.251,537,268,269,0,0
23.276,537,268,269,0,0
23.301,541,270,271,0,0
23.326,541,270,271,0,0
23.351,541,270,271,0,0
23.376,541,270,271,0,0
23.401,541,270,271,0,0
23.426,537,268,269,0,0
23.451,541,270,271,0,0
23.476,541,270,271,0,0
23.501,534,267,267,0,0
23.526,541,270,271,0,0
23.551,541,270,271,0,0
23.576,541,270,271,0,0
23.601,541,270,271,0,0
23.626,541,270,271,0,0
23.651,541,270,271,0,0
23.676,541,270,271,0,0
23.701,541,270,271,0,0
23.726,541,270,271,0,0
23.751,541,270,271,0,0
23.776,541,270,271,0,0
23.801,541,270,271,0,0
23.826,541,270,271,0,0
23.851,541,270,271,0,0
23.876,541,270,271,0,0
23.901,541,270,271,0,0
23.926,541,270,271,0,0
23.951,541,270,271,0,0
23.976,541,270,271,0,0
24.001,541,270,271,0,0
24.026,541,270,271,0,0
24.051,541,270,271,0,0
24.076,541,270,271,0,0
24.101,541,270,271,0,0
24.126,541,270,271,0,0
24.151,541,270,271,0,0
24.176,541,270,271,0,0
24.201,541,270,271,0,0
24.226,541,270,271,0,0
24.251,541,270,271,0,0
24.276,541,270,271,0,0
24.301,541,270,271,0,0
24.326,541,270,271,0,0
24.351,541,270,271,0,0
24.376,541,270,271,0,0
24.401,541,270,271,0,0
24.426,541,270,271,0,0
24.451,541,270,271,0,0
24.476,541,270,271,0,0
24.501,541,270,271,0,0
24.526,541,270,271,0,0
24.551,541,270,271,0,0
24.576,541,270,271,0,0
24.601,541,270,271,0,0
24.626,541,270,271,0,0
24.651,541,270,271,0,0
24.676,541,270,271,0,0
24.701,541,270,271,0,0
24.726,541,270,271,0,0
24.751,541,270,271,0,0
24.776,541,270,271,0,0
24.801,541,270,271,0,0
24.826,541,270,271,0,0
24.851,541,270,271,0,0
24.876,541,270,271,0,0
24.901,541,270,271,0,0
24.926,541,270,271,0,0
24.951,541,270,271,0,0
24.976,541,270,271,0,0
25.001,541,270,271,0,0
25.026,541,270,271,0,0
25.051,541,270,271,0,0
25.076,541,270,271,0,0
25.101,541,270,271,0,0
25.126,541,270,271,0,0
25.151,541,270,271,0,0
25.176,541,270,271,0,0
25.201,541,270,271,0,0
25.226,541,270,271,0,0
25.251,541,270,271,0,0
25.276,541,270,271,0,0
25.301,541,270,271,0,0
25.326,541,270,271,0,0
25.351,541,270,271,0,0
25.376,541,270,271,0,0
25.401,541,270,271,0,0
25.426,541,270,271,0,0
25.451,541,270,271,0,0
25.476,541,270,271,0,0
25.501,541,270,271,0,0
25.526,541,270,271,0,0
25.551,541,270,271,0,0
25.576,541,270,271,0,0
25.601,541,270,271,0,0
25.626,541,270,271,0,0
25.651,541,270,271,0,0
25.676,541,270,271,0,0
25.701,541,270,271,0,0
25.726,541,270,271,0,0
25.751,541,270,271,0,0
25.776,541,270,271,0,0
25.801,541,270,271,0,0
25.826,541,270,271,0,0
25.851,541,270,271,0,0
25.876,541,270,271,0,0
25.901,541,270,271,0,0
25.926,541,270,271,0,0
25.951,541,270,271,0,0
25.976,541,270,271,0,0
26.001,541,270,271,0,0
26.026,541,270,271,0,0
26.051,541,270,271,0,0
26.076,541,270,271,0,0
26.101,541,270,271,0,0
26.126,541,270,271,0,0
26.151,541,270,271,0,0
26.176,541,270,271,0,0
26.201,541,270,271,0,0
26.226,541,270,271,0,0
26.251,541,270,271,0,0
26.276,541,270,271,0,0
26.301,541,270,271,0,0
26.326,541,270,271,0,0
26.351,541,270,271,0,0
26.376,541,270,271,0,0
26.401,541,270,271,0,0
26.426,541,270,271,0,0
26.451,541,270,271,0,0
26.476,541,270,271,0,0
26.501,541,270,271,0,0
26.526,541,270,271,0,0
26.551,541,270,271,0,0
26.576,537,268,269,0,0
26.601,541,270,271,0,0
26.626,541,270,271,0,0
26.651,541,270,271,0,0
26.676,541,270,271,0,0
26.701,541,270,271,0,0
26.726,537,268,269,0,0
26.751,541,270,271,0,0
26.776,541,270,271,0,0
26.801,537,268,269,0,0
26.826,541,270,271,0,0
26.851,537,268,269,0,0
26.876,541,270,271,0,0
26.901,541,270,271,0,0
26.926,541,270,271,0,0
26.951,541,270,271,0,0
26.976,541,270,271,0,0
27.001,541,270,271,0,0
27.026,537,268,269,0,0
27.051,537,268,269,0,0
27.076,537,268,269,0,0
27.101,541,270,271,0,0
27.126,541,270,271,0,0
27.151,541,270,271,0,0
27.176,541,270,271,0,0
27.226,541,270,271,0,0
27.251,541,270,271,0,0
27.276,541,270,271,0,0
27.301,537,268,269,0,0
27.326,531,265,266,0,0
27.351,541,270,271,0,0
27.376,537,268,269,0,0
27.401,541,270,271,0,0
27.426,537,268,269,0,0
27.451,534,267,267,0,0
27.476,541,270,271,0,0
27.501,537,268,269,0,0
27.526,537,268,269,0,0
27.551,533,266,267,0,0
27.576,537,268,269,0,0
27.601,532,266,266,0,0
27.626,520,260,260,0,0
27.651,533,266,267,0,0
27.676,532,266,266,0,0
27.701,528,264,264,0,0
27.726,524,262,262,0,0
27.751,528,264,264,0,0
27.776,524,262,262,0,0
27.801,528,264,264,0,0
27.826,529,264,265,0,0
27.851,526,263,263,0,0
27.876,530,265,265,0,0
27.901,530,265,265,0,0
27.926,531,265,266,0,0
27.951,536,268,268,0,0
27.976,535,267,268,0,0
28.001,535,267,268,0,0
28.026,535,267,268,0,0
28.051,535,267,268,0,0
28.076,532,266,266,0,0
28.101,530,265,265,0,0
28.126,531,265,266,0,0
28.151,531,265,266,0,0
28.176,528,264,264,0,0
28.201,527,263,264,0,0
28.226,520,260,260,0,0
28.251,523,261,262,0,0
28.276,527,263,264,0,0
28.301,519,259,260,0,0
28.326,519,259,260,0,0
28.351,527,263,264,0,0
28.401,521,260,261,0,0
28.426,532,266,266,0,0
28.451,537,268,269,0,0
28.476,531,265,266,0,0
28.501,533,266,267,0,0
28.526,536,268,268,0,0
28.551,532,266,266,0,0
28.576,541,270,271,0,0
28.601,541,270,271,0,0
28.626,541,270,271,0,0
28.651,541,270,271,0,0
28.676,541,270,271,0,0
28.701,541,270,271,0,0
28.726,541,270,271,0,0
28.751,541,270,271,0,0
28.776,541,270,271,0,0
28.801,541,270,271,0,0
28.826,541,270,271,0,0
28.851,541,270,271,0,0
28.876,541,270,271,0,0
28.901,541,270,271,0,0
28.926,541,270,271,0,0
28.951,541,270,271,0,0
28.976,541,270,271,0,0
29.001,541,270,271,0,0
29.026,541,270,271,0,0
29.051,541,270,271,0,0
29.076,541,270,271,0,0
29.101,541,270,271,0,0
29.126,541,270,271,0,0
29.151,541,270,271,0,0
29.176,541,270,271,0,0
29.201,541,270,271,0,0
29.226,541,270,271,0,0
29.251,541,270,271,0,0
29.276,537,268,269,0,0
29.301,541,270,271,0,0
29.326,541,270,271,0,0
29.351,541,270,271,0,0
29.401,541,270,271,0,0
29.426,541,270,271,0,0
29.451,541,270,271,0,0
29.476,541,270,271,0,0
29.501,531,265,266,0,0
29.526,530,265,265,0,0
29.551,531,265,266,0,0
29.576,530,265,265,0,0
29.601,521,260,261,0,0
29.626,521,260,261,0,0
29.651,519,259,260,0,0
29.676,519,259,260,0,0
29.701,518,259,259,0,0
29.726,517,258,259,0,0
29.751,518,259,259,0,0
29.776,517,258,259,0,0
29.801,516,258,258,0,0
29.826,517,258,259,0,0
29.851,518,259,259,0,0
29.876,517,258,259,0,0
29.901,518,259,259,0,0
29.926,519,259,260,0,0
29.951,518,259,259,0,0
29.976,518,259,259,0,0
30.001,518,259,259,0,0
30.026,520,260,260,0,0
30.051,520,260,260,0,0
30.076,518,259,259,0,0
30.101,518,259,259,0,0
30.126,519,259,260,0,0
30.151,512,256,256,0,0
30.176,511,255,256,0,0
30.201,513,256,257,0,0
30.226,509,254,255,0,0
30.251,523,261,262,0,0
30.276,504,252,252,0,0
30.301,502,251,251,0,0
30.326,505,252,253,0,0
30.351,511,255,256,0,0
30.376,511,255,256,0,0
30.401,511,255,256,0,0
30.426,516,258,258,0,0
30.451,520,260,260,0,0
30.476,520,260,260,0,0
30.501,522,261,261,0,0
30.526,527,263,264,0,0
30.551,530,265,265,0,0
30.576,530,265,265,0,0
30.601,534,267,267,0,0
30.626,535,267,268,0,0
30.651,535,267,268,0,0
30.676,541,270,271,0,0
30.701,541,270,271,0,0
30.726,541,270,271,0,0
30.751,541,270,271,0,0
30.776,541,270,271,0,0
30.801,541,270,271,0,0
30.826,541,270,271,0,0
30.851,541,270,271,0,0
30.876,541,270,271,0,0
30.901,541,270,271,0,0
30.926,541,270,271,0,0
30.951,541,270,271,0,0
30.976,541,270,271,0,0
31.001,541,270,271,0,0
31.026,541,270,271,0,0
31.051,541,270,271,0,0
31.076,541,270,271,0,0
31.101,541,270,271,0,0
31.126,541,270,271,0,0
31.151,541,270,271,0,0
31.176,541,270,271,0,0
31.201,541,270,271,0,0
31.226,541,270,271,0,0
31.251,541,270,271,0,0
31.276,541,270,271,0,0
31.301,541,270,271,0,0
31.326,541,270,271,0,0
31.351,541,270,271,0,0
31.376,541,270,271,0,0
31.401,541,270,271,0,0
31.426,541,270,271,0,0
31.451,541,270,271,0,0
31.476,537,268,269,0,0
31.501,541,270,271,0,0
31.526,541,270,271,0,0
31.551,541,270,271,0,0
31.576,541,270,271,0,0
31.601,541,270,271,0,0
31.626,541,270,271,0,0
31.651,541,270,271,0,0
31.676,541,270,271,0,0
31.701,541,270,271,0,0
31.726,541,270,271,0,0
31.751,541,270,271,0,0
31.776,541,270,271,0,0
31.801,541,270,271,0,0
31.826,541,270,271,0,0
31.851,541,270,271,0,0
31.876,541,270,271,0,0
31.901,541,270,271,0,0
31.926,541,270,271,0,0
31.951,541,270,271,0,0
31.976,541,270,271,0,0
32.001,541,270,271,0,0
32.026,541,270,271,0,0
32.051,541,270,271,0,0
32.076,541,270,271,0,0
32.101,541,270,271,0,0
32.126,541,270,271,0,0
32.151,541,270,271,0,0
32.176,541,270,271,0,0
32.201,541,270,271,0,0
32.226,541,270,271,0,0
32.251,541,270,271,0,0
32.276,541,270,271,0,0
32.301,541,270,271,0,0
32.326,541,270,271,0,0
32.351,541,270,271,0,0
32.376,541,270,271,0,0
32.401,541,270,271,0,0
32.426,541,270,271,0,0
32.451,541,270,271,0,0
32.476,541,270,271,0,0
32.501,541,270,271,0,0
32.526,541,270,271,0,0
32.551,541,270,271,0,0
32.576,541,270,271,0,0
32.601,541,270,271,0,0
32.626,541,270,271,0,0
32.651,541,270,271,0,0
32.676,541,270,271,0,0
32.701,541,270,271,0,0
32.726,541,270,271,0,0
32.751,541,270,271,0,0
32.776,541,270,271,0,0
32.801,541,270,271,0,0
32.826,541,270,271,0,0
32.851,541,270,271,0,0
32.876,541,270,271,0,0
32.901,541,270,271,0,0
32.926,541,270,271,0,0
32.976,541,270,271,0,0
33.001,541,270,271,0,0
33.026,541,270,271,0,0
33.051,541,270,271,0,0
33.076,541,270,271,0,0
33.101,541,270,271,0,0
33.126,541,270,271,0,0
33.151,541,270,271,0,0
33.176,541,270,271,0,0
33.201,541,270,271,0,0
33.226,541,270,271,0,0
33.251,541,270,271,0,0
33.276,541,270,271,0,0
33.301,541,270,271,0,0
33.326,541,270,271,0,0
33.351,541,270,271,0,0
33.376,531,265,266,0,0
33.401,532,266,266,0,0
33.426,526,263,263,0,0
33.451,519,259,260,0,0
33.476,521,260,261,0,0
33.501,516,258,258,0,0
33.526,510,255,255,0,0
33.551,504,252,252,0,0
33.576,505,252,253,0,0
33.601,505,252,253,0,0
33.626,498,249,249,0,0
33.651,496,248,248,0,0
33.676,490,245,245,0,0
33.701,520,260,260,0,0
33.751,520,260,260,0,0
33.776,519,259,260,0,0
33.801,524,262,262,0,0
33.826,520,260,260,0,0
33.851,519,259,260,0,0
33.876,520,260,260,0,0
33.901,523,261,262,0,0
33.926,488,244,244,0,0
33.951,489,244,245,0,0
33.976,505,252,253,0,0
34.001,487,243,244,0,0
34.026,489,244,245,0,0
34.051,508,254,254,0,0
34.076,490,245,245,0,0
34.101,492,246,246,0,0
34.126,488,244,244,0,0
34.151,490,245,245,0,0
34.176,491,245,246,0,0
34.201,492,246,246,0,0
34.226,492,246,246,0,0
34.251,492,246,246,0,0
34.276,492,246,246,0,0
34.301,493,246,247,0,0
34.326,492,246,246,0,0
34.351,492,246,246,0,0
34.376,492,246,246,0,0
34.401,488,244,244,0,0
34.426,495,247,248,0,0
34.451,492,246,246,0,0
34.476,492,246,246,0,0
34.501,493,246,247,0,0
34.526,492,246,246,0,0
34.551,492,246,246,0,0
34.576,492,246,246,0,0
34.601,492,246,246,0,0
34.626,494,247,247,0,0
34.651,491,245,246,0,0
34.676,491,245,246,0,0
34.701,491,245,246,0,0
34.726,495,247,248,0,0
34.751,491,245,246,0,0
34.776,491,245,246,0,0
34.801,492,246,246,0,0
34.826,490,245,245,0,0
34.851,490,245,245,0,0
34.876,490,245,245,0,0
34.901,491,245,246,0,0
34.926,490,245,245,0,0
34.951,484,242,242,0,0
34.976,490,245,245,0,0
35.001,492,246,246,0,0
35.026,491,245,246,0,0
35.051,492,246,246,0,0
35.076,489,244,245,0,0
35.101,491,245,246,0,0
35.126,491,245,246,0,0
35.151,492,246,246,0,0
35.176,490,245,245,0,0
35.201,490,245,245,0,0
35.226,491,245,246,0,0
35.251,490,245,245,0,0
35.276,490,245,245,0,0
35.301,490,245,245,0,0
35.326,490,245,245,0,0
35.351,491,245,246,0,0
35.376,490,245,245,0,0
35.401,485,242,243,0,0
35.426,491,245,246,0,0
35.451,490,245,245,0,0
35.476,490,245,245,0,0
35.501,490,245,245,0,0
35.526,493,246,247,0,0
35.551,490,245,245,0,0
35.576,491,245,246,0,0
35.601,492,246,246,0,0
35.626,491,245,246,0,0
35.676,492,246,246,0,0
35.701,491,245,246,0,0
35.726,492,246,246,0,0
35.751,493,246,247,0,0
35.776,492,246,246,0,0
35.801,492,246,246,0,0
35.826,493,246,247,0,0
35.851,492,246,246,0,0
35.876,493,246,247,0,0
35.901,491,245,246,0,0
35.926,491,245,246,0,0
35.951,491,245,246,0,0
35.976,494,247,247,0,0
36.001,490,245,245,0,0
36.026,490,245,245,0,0
36.051,490,245,245,0,0
36.076,490,245,245,0,0
36.101,492,246,246,0,0
36.126,490,245,245,0,0
36.151,490,245,245,0,0
36.176,491,245,246,0,0
36.201,491,245,246,0,0
36.226,509,254,255,0,0
36.251,491,245,246,0,0
36.276,494,247,247,0,0
36.301,490,245,245,0,0
36.326,487,243,244,0,0
36.351,490,245,245,0,0
36.376,490,245,245,0,0
36.401,491,245,246,0,0
36.426,490,245,245,0,0
36.451,492,246,246,0,0
36.476,490,245,245,0,0
36.501,489,244,245,0,0
36.526,490,245,245,0,0
36.551,486,243,243,0,0
36.576,490,245,245,0,0
36.601,491,245,246,0,0
36.626,490,245,245,0,0
36.651,491,245,246,0,0
36.676,490,245,245,0,0
36.701,490,245,245,0,0
36.726,490,245,245,0,0
36.751,510,255,255,0,0
36.776,490,245,245,0,0
36.801,490,245,245,0,0
36.826,490,245,245,0,0
36.851,490,245,245,0,0
36.876,489,244,245,0,0
36.901,491,245,246,0,0
36.926,493,246,247,0,0
36.951,490,245,245,0,0
36.976,492,246,246,0,0
37.001,490,245,245,0,0
37.026,490,245,245,0,0
37.051,492,246,246,0,0
37.076,489,244,245,0,0
37.101,494,247,247,0,0
37.126,490,245,245,0,0
37.151,490,245,245,0,0
37.176,491,245,246,0,0
37.201,490,245,245,0,0
37.226,492,246,246,0,0
37.251,490,245,245,0,0
37.276,490,245,245,0,0
37.301,491,245,246,0,0
37.326,490,245,245,0,0
37.351,490,245,245,0,0
37.376,490,245,245,0,0
37.401,493,246,247,0,0
37.426,492,246,246,0,0
37.451,490,245,245,0,0
37.476,490,245,245,0,0
37.501,491,245,246,0,0
37.526,490,245,245,0,0
37.551,490,245,245,0,0
37.576,490,245,245,0,0
37.601,490,245,245,0,0
37.626,490,245,245,0,0
37.651,490,245,245,0,0
37.676,491,245,246,0,0
37.701,490,245,245,0,0
37.726,491,245,246,0,0
37.751,490,245,245,0,0
37.776,492,246,246,0,0
37.801,490,245,245,0,0
37.826,494,247,247,0,0
37.851,491,245,246,0,0
37.876,491,245,246,0,0
37.901,490,245,245,0,0
37.926,490,245,245,0,0
37.951,490,245,245,0,0
37.976,490,245,245,0,0
38.001,490,245,245,0,0
38.026,490,245,245,0,0
38.051,493,246,247,0,0
38.076,494,247,247,0,0
38.101,493,246,247,0,0
38.151,491,245,246,0,0
38.176,490,245,245,0,0
38.201,488,244,244,0,0
38.226,489,244,245,0,0
38.251,491,245,246,0,0
38.276,493,246,247,0,0
38.301,493,246,247,0,0
38.326,523,261,262,0,0
38.351,523,261,262,0,0
38.376,525,262,263,0,0
38.401,516,258,258,0,0
38.426,514,257,257,0,0
38.451,510,255,255,0,0
38.476,509,254,255,0,0
38.501,513,256,257,0,0
38.526,525,262,263,0,0
38.551,520,260,260,0,0
38.576,514,257,257,0,0
38.601,510,255,255,0,0
38.626,525,262,263,0,0
38.651,526,263,263,0,0
38.676,527,263,264,0,0
38.701,528,264,264,0,0
38.726,529,264,265,0,0
38.751,530,265,265,0,0
38.776,541,270,271,0,0
38.801,541,270,271,0,0
38.826,541,270,271,0,0
38.851,541,270,271,0,0
38.876,541,270,271,0,0
38.901,541,270,271,0,0
38.926,541,270,271,0,0
38.951,541,270,271,0,0
38.976,541,270,271,0,0
39.001,541,270,271,0,0
39.026,541,270,271,0,0
39.051,541,270,271,0,0
39.076,541,270,271,0,0
39.101,541,270,271,0,0
39.126,541,270,271,0,0
39.151,541,270,271,0,0
39.176,541,270,271,0,0
39.201,541,270,271,0,0
39.226,541,270,271,0,0
39.251,541,270,271,0,0
39.276,541,270,271,0,0
39.301,541,270,271,0,0
39.326,537,268,269,0,0
39.351,541,270,271,0,0
39.376,541,270,271,0,0
39.426,541,270,271,0,0
39.451,541,270,271,0,0
39.476,541,270,271,0,0
39.501,541,270,271,0,0
39.526,541,270,271,0,0
39.551,541,270,271,0,0
39.576,541,270,271,0,0
39.601,541,270,271,0,0
39.626,541,270,271,0,0
39.651,541,270,271,0,0
39.676,541,270,271,0,0
39.701,541,270,271,0,0
39.726,541,270,271,0,0
39.751,541,270,271,0,0
39.776,541,270,271,0,0
39.801,536,268,268,0,0
39.826,536,268,268,0,0
39.851,532,266,266,0,0
39.876,531,265,266,0,0
39.901,517,258,259,0,0
39.926,522,261,261,0,0
39.951,519,259,260,0,0
39.976,536,268,268,0,0
40.001,521,260,261,0,0
40.026,528,264,264,0,0
40.051,523,261,262,0,0
40.076,523,261,262,0,0
40.101,527,263,264,0,0
40.126,528,264,264,0,0
40.151,527,263,264,0,0
40.176,527,263,264,0,0
40.201,528,264,264,0,0
40.226,528,264,264,0,0
40.251,527,263,264,0,0
40.276,527,263,264,0,0
40.301,527,263,264,0,0
40.326,528,264,264,0,0
40.351,527,263,264,0,0
40.376,523,261,262,0,0
40.401,528,264,264,0,0
40.426,527,263,264,0,0
40.451,523,261,262,0,0
40.476,532,266,266,0,0
40.501,520,260,260,0,0
40.526,532,266,266,0,0
40.551,525,262,263,0,0
40.576,531,265,266,0,0
40.601,533,266,267,0,0
40.626,519,259,260,0,0
40.651,533,266,267,0,0
40.676,528,264,264,0,0
40.701,537,268,269,0,0
40.726,533,266,267,0,0
40.751,533,266,267,0,0
40.776,533,266,267,0,0
40.801,532,266,266,0,0
40.826,537,268,269,0,0
40.851,530,265,265,0,0
40.876,537,268,269,0,0
40.901,537,268,269,0,0
40.926,541,270,271,0,0
40.951,541,270,271,0,0
40.976,531,265,266,0,0
41.001,541,270,271,0,0
41.026,534,267,267,0,0
41.051,541,270,271,0,0
41.076,541,270,271,0,0
41.101,541,270,271,0,0
41.126,541,270,271,0,0
41.151,541,270,271,0,0
41.176,541,270,271,0,0
41.201,541,270,271,0,0
41.226,541,270,271,0,0
41.251,541,270,271,0,0
41.276,537,268,269,0,0
41.301,533,266,267,0,0
41.326,541,270,271,0,0
41.351,541,270,271,0,0
41.376,537,268,269,0,0
41.401,541,270,271,0,0
41.426,541,270,271,0,0
41.451,541,270,271,0,0
41.476,541,270,271,0,0
41.501,541,270,271,0,0
41.526,541,270,271,0,0
41.551,541,270,271,0,0
41.576,541,270,271,0,0
41.601,541,270,271,0,0
41.626,541,270,271,0,0
41.651,541,270,271,0,0
41.676,541,270,271,0,0
41.701,537,268,269,0,0
41.726,541,270,271,0,0
41.751,541,270,271,0,0
41.776,541,270,271,0,0
41.801,541,270,271,0,0
41.826,541,270,271,0,0
41.851,541,270,271,0,0
41.876,541,270,271,0,0
41.901,541,270,271,0,0
41.926,541,270,271,0,0
41.951,541,270,271,0,0
41.976,541,270,271,0,0
42.001,541,270,271,0,0
42.026,541,270,271,0,0
42.051,541,270,271,0,0
42.076,541,270,271,0,0
42.101,541,270,271,0,0
42.126,541,270,271,0,0
42.151,541,270,271,0,0
42.176,541,270,271,0,0
42.201,541,270,271,0,0
42.226,541,270,271,0,0
42.251,541,270,271,0,0
42.276,541,270,271,0,0
42.301,541,270,271,0,0
42.326,541,270,271,0,0
42.351,541,270,271,0,0
42.376,541,270,271,0,0
42.401,541,270,271,0,0
42.426,541,270,271,0,0
42.451,541,270,271,0,0
42.476,541,270,271,0,0
42.501,541,270,271,0,0
42.526,541,270,271,0,0
42.551,541,270,271,0,0
42.576,541,270,271,0,0
42.601,541,270,271,0,0
42.626,541,270,271,0,0
42.651,541,270,271,0,0
42.676,541,270,271,0,0
42.701,541,270,271,0,0
42.726,541,270,271,0,0
42.751,541,270,271,0,0
42.776,541,270,271,0,0
42.801,541,270,271,0,0
42.826,541,270,271,0,0
42.851,541,270,271,0,0
42.876,541,270,271,0,0
42.901,541,270,271,0,0
42.926,541,270,271,0,0
42.951,541,270,271,0,0
42.976,541,270,271,0,0
43.001,541,270,271,0,0
43.026,541,270,271,0,0
43.051,541,270,271,0,0
43.076,541,270,271,0,0
43.101,541,270,271,0,0
43.126,541,270,271,0,0
43.151,541,270,271,0,0
43.176,541,270,271,0,0
43.201,541,270,271,0,0
43.226,541,270,271,0,0
43.251,541,270,271,0,0
43.276,541,270,271,0,0
43.301,541,270,271,0,0
43.326,541,270,271,0,0
43.351,541,270,271,0,0
43.376,541,270,271,0,0
43.401,541,270,271,0,0
43.426,541,270,271,0,0
43.451,541,270,271,0,0
43.476,541,270,271,0,0
43.501,541,270,271,0,0
43.526,541,270,271,0,0
43.576,541,270,271,0,0
43.601,541,270,271,0,0
43.626,541,270,271,0,0
43.651,541,270,271,0,0
43.676,541,270,271,0,0
43.701,541,270,271,0,0
43.726,541,270,271,0,0
43.751,541,270,271,0,0
43.776,541,270,271,0,0
43.801,541,270,271,0,0
43.826,541,270,271,0,0
43.851,541,270,271,0,0
43.876,541,270,271,0,0
43.901,541,270,271,0,0
43.926,541,270,271,0,0
43.951,541,270,271,0,0
43.976,541,270,271,0,0
44.001,541,270,271,0,0
44.026,541,270,271,0,0
44.051,541,270,271,0,0
44.076,541,270,271,0,0
44.101,541,270,271,0,0
44.126,541,270,271,0,0
44.151,541,270,271,0,0
44.176,541,270,271,0,0
44.201,541,270,271,0,0
44.226,541,270,271,0,0
44.251,541,270,271,0,0
44.276,541,270,271,0,0
44.301,541,270,271,0,0
44.326,541,270,271,0,0
44.351,541,270,271,0,0
44.376,541,270,271,0,0
44.401,541,270,271,0,0
44.426,541,270,271,0,0
44.451,541,270,271,0,0
44.476,541,270,271,0,0
44.501,541,270,271,0,0
44.526,541,270,271,0,0
44.576,541,270,271,0,0
44.601,541,270,271,0,0
44.626,541,270,271,0,0
44.651,541,270,271,0,0
44.676,541,270,271,0,0
44.701,541,270,271,0,0
44.726,537,268,269,0,0
44.751,541,270,271,0,0
44.776,541,270,271,0,0
44.801,534,267,267,0,0
44.826,537,268,269,0,0
44.851,541,270,271,0,0
44.876,541,270,271,0,0
44.901,541,270,271,0,0
44.926,541,270,271,0,0
44.951,541,270,271,0,0
44.976,537,268,269,0,0
45.001,541,270,271,0,0
45.026,541,270,271,0,0
45.051,537,268,269,0,0
45.076,541,270,271,0,0
45.101,541,270,271,0,0
45.126,537,268,269,0,0
45.151,541,270,271,0,0
45.176,541,270,271,0,0
45.201,537,268,269,0,0
45.226,537,268,269,0,0
45.251,534,267,267,0,0
45.276,541,270,271,0,0
45.301,541,270,271,0,0
45.326,541,270,271,0,0
45.351,541,270,271,0,0
45.376,534,267,267,0,0
45.401,541,270,271,0,0
45.426,537,268,269,0,0
45.451,541,270,271,0,0
45.476,541,270,271,0,0
45.501,541,270,271,0,0
45.526,537,268,269,0,0
45.551,541,270,271,0,0
45.576,537,268,269,0,0
45.601,541,270,271,0,0
45.626,533,266,267,0,0
45.651,537,268,269,0,0
45.676,529,264,265,0,0
45.701,530,265,265,0,0
45.726,526,263,263,0,0
45.751,532,266,266,0,0
45.776,524,262,262,0,0
45.801,532,266,266,0,0
45.826,527,263,264,0,0
45.851,525,262,263,0,0
45.876,529,264,265,0,0
45.901,520,260,260,0,0
45.926,525,262,263,0,0
45.951,523,261,262,0,0
45.976,523,261,262,0,0
46.001,523,261,262,0,0
46.026,528,264,264,0,0
46.051,532,266,266,0,0
46.076,529,264,265,0,0
46.101,533,266,267,0,0
46.126,526,263,263,0,0
46.151,523,261,262,0,0
46.176,522,261,261,0,0
46.201,524,262,262,0,0
46.226,524,262,262,0,0
46.251,523,261,262,0,0
46.276,526,263,263,0,0
46.301,519,259,260,0,0
46.326,523,261,262,0,0
46.351,522,261,261,0,0
46.376,529,264,265,0,0
46.401,532,266,266,0,0
46.426,522,261,261,0,0
46.451,533,266,267,0,0
46.476,530,265,265,0,0
46.501,517,258,259,0,0
46.526,536,268,268,0,0
46.551,526,263,263,0,0
46.576,518,259,259,0,0
46.601,518,259,259,0,0
46.626,527,263,264,0,0
46.651,541,270,271,0,0
46.676,541,270,271,0,0
46.701,541,270,271,0,0
46.726,541,270,271,0,0
46.751,541,270,271,0,0
46.776,541,270,271,0,0
46.801,541,270,271,0,0
46.826,541,270,271,0,0
46.851,541,270,271,0,0
46.876,541,270,271,0,0
46.901,541,270,271,0,0
46.926,541,270,271,0,0
46.951,541,270,271,0,0
46.976,541,270,271,0,0
47.001,541,270,271,0,0
47.026,541,270,271,0,0
47.051,541,270,271,0,0
47.076,541,270,271,0,0
47.101,541,270,271,0,0
47.126,541,270,271,0,0
47.151,541,270,271,0,0
47.176,541,270,271,0,0
47.201,541,270,271,0,0
47.226,541,270,271,0,0
47.251,541,270,271,0,0
47.276,541,270,271,0,0
47.301,541,270,271,0,0
47.326,541,270,271,0,0
47.351,541,270,271,0,0
47.376,541,270,271,0,0
47.401,541,270,271,0,0
47.426,541,270,271,0,0
47.451,541,270,271,0,0
47.476,541,270,271,0,0
47.501,541,270,271,0,0
47.526,541,270,271,0,0
47.551,541,270,271,0,0
47.576,541,270,271,0,0
47.601,531,265,266,0,0
47.626,530,265,265,0,0
47.651,530,265,265,0,0
47.676,524,262,262,0,0
47.701,529,264,265,0,0
47.726,529,264,265,0,0
47.751,529,264,265,0,0
47.776,519,259,260,0,0
47.801,519,259,260,0,0
47.826,519,259,260,0,0
47.851,520,260,260,0,0
47.876,518,259,259,0,0
47.901,517,258,259,0,0
47.926,518,259,259,0,0
47.951,518,259,259,0,0
47.976,518,259,259,0,0
48.001,519,259,260,0,0
48.026,519,259,260,0,0
48.051,518,259,259,0,0
48.076,528,264,264,0,0
48.101,519,259,260,0,0
48.126,511,255,256,0,0
48.151,519,259,260,0,0
48.176,518,259,259,0,0
48.201,519,259,260,0,0
48.226,518,259,259,0,0
48.251,520,260,260,0,0
48.276,510,255,255,0,0
48.301,510,255,255,0,0
48.326,514,257,257,0,0
48.351,518,259,259,0,0
48.376,506,253,253,0,0
48.401,503,251,252,0,0
48.426,502,251,251,0,0
48.451,507,253,254,0,0
48.476,511,255,256,0,0
48.501,511,255,256,0,0
48.526,511,255,256,0,0
48.551,520,260,260,0,0
48.576,522,261,261,0,0
48.601,521,260,261,0,0
48.626,528,264,264,0,0
48.651,527,263,264,0,0
48.676,528,264,264,0,0
48.701,535,267,268,0,0
48.726,533,266,267,0,0
48.751,534,267,267,0,0
48.776,536,268,268,0,0
48.801,541,270,271,0,0
48.826,541,270,271,0,0
48.851,541,270,271,0,0
48.876,541,270,271,0,0
48.901,541,270,271,0,0
48.926,541,270,271,0,0
48.951,541,270,271,0,0
48.976,541,270,271,0,0
49.001,541,270,271,0,0
49.026,541,270,271,0,0
49.051,541,270,271,0,0
49.076,541,270,271,0,0
49.101,541,270,271,0,0
49.126,541,270,271,0,0
49.151,541,270,271,0,0
49.176,541,270,271,0,0
49.201,541,270,271,0,0
49.226,541,270,271,0,0
49.251,541,270,271,0,0
49.276,541,270,271,0,0
49.301,541,270,271,0,0
49.326,541,270,271,0,0
49.351,541,270,271,0,0
49.376,541,270,271,0,0
49.401,541,270,271,0,0
49.426,541,270,271,0,0
49.451,541,270,271,0,0
49.476,541,270,271,0,0
49.501,541,270,271,0,0
49.526,541,270,271,0,0
49.551,541,270,271,0,0
49.576,541,270,271,0,0
49.601,541,270,271,0,0
49.626,541,270,271,0,0
49.651,541,270,271,0,0
49.676,541,270,271,0,0
49.701,541,270,271,0,0
49.726,541,270,271,0,0
49.751,541,270,271,0,0
49.776,541,270,271,0,0
49.801,541,270,271,0,0
49.826,541,270,271,0,0
49.851,541,270,271,0,0
49.876,541,270,271,0,0
49.901,541,270,271,0,0
49.926,541,270,271,0,0
49.951,541,270,271,0,0
49.976,541,270,271,0,0
50.001,541,270,271,0,0
50.026,541,270,271,0,0
50.051,541,270,271,0,0
50.076,541,270,271,0,0
50.101,541,270,271,0,0
50.126,541,270,271,0,0
50.151,541,270,271,0,0
50.176,541,270,271,0,0
50.201,541,270,271,0,0
50.226,541,270,271,0,0
50.251,541,270,271,0,0
50.276,541,270,271,0,0
50.301,541,270,271,0,0
50.326,541,270,271,0,0
50.351,541,270,271,0,0
50.376,541,270,271,0,0
50.401,541,270,271,0,0
50.426,541,270,271,0,0
50.451,541,270,271,0,0
50.476,541,270,271,0,0
50.501,541,270,271,0,0
50.526,541,270,271,0,0
50.551,541,270,271,0,0
50.576,541,270,271,0,0
50.601,541,270,271,0,0
50.626,541,270,271,0,0
50.651,541,270,271,0,0
50.676,541,270,271,0,0
50.701,541,270,271,0,0
50.726,541,270,271,0,0
50.751,541,270,271,0,0
50.776,541,270,271,0,0
50.801,541,270,271,0,0
50.826,541,270,271,0,0
50.851,541,270,271,0,0
50.876,541,270,271,0,0
50.901,541,270,271,0,0
50.926,541,270,271,0,0
50.951,541,270,271,0,0
50.976,541,270,271,0,0
51.001,541,270,271,0,0
51.026,541,270,271,0,0
51.051,541,270,271,0,0
51.076,541,270,271,0,0
51.101,541,270,271,0,0
51.126,541,270,271,0,0
51.151,541,270,271,0,0
51.176,541,270,271,0,0
51.201,541,270,271,0,0
51.226,535,267,268,0,0
51.251,532,266,266,0,0
51.276,532,266,266,0,0
51.301,525,262,263,0,0
51.326,519,259,260,0,0
51.351,520,260,260,0,0
51.376,515,257,258,0,0
51.401,512,256,256,0,0
51.426,505,252,253,0,0
51.451,507,253,254,0,0
51.476,504,252,252,0,0
51.501,493,246,247,0,0
51.526,491,245,246,0,0
51.551,488,244,244,0,0
51.576,520,260,260,0,0
51.601,520,260,260,0,0
51.626,523,261,262,0,0
51.651,490,245,245,0,0
51.676,519,259,260,0,0
51.701,519,259,260,0,0
51.726,519,259,260,0,0
51.751,519,259,260,0,0
51.776,519,259,260,0,0
51.801,520,260,260,0,0
51.826,519,259,260,0,0
51.851,489,244,245,0,0
51.876,489,244,245,0,0
51.901,488,244,244,0,0
51.926,490,245,245,0,0
51.951,491,245,246,0,0
51.976,490,245,245,0,0
52.001,489,244,245,0,0
52.026,493,246,247,0,0
52.051,487,243,244,0,0
52.076,493,246,247,0,0
52.101,495,247,248,0,0
52.126,492,246,246,0,0
52.151,492,246,246,0,0
52.176,492,246,246,0,0
52.201,494,247,247,0,0
52.226,492,246,246,0,0
52.251,492,246,246,0,0
52.276,492,246,246,0,0
52.301,492,246,246,0,0
52.326,492,246,246,0,0
52.351,511,255,256,0,0
52.376,493,246,247,0,0
52.401,492,246,246,0,0
52.451,491,245,246,0,0
52.476,492,246,246,0,0
52.501,493,246,247,0,0
52.526,491,245,246,0,0
52.551,493,246,247,0,0
52.576,491,245,246,0,0
52.601,492,246,246,0,0
52.626,491,245,246,0,0
52.651,491,245,246,0,0
52.676,492,246,246,0,0
52.701,491,245,246,0,0
52.751,509,254,255,0,0
52.776,490,245,245,0,0
52.801,490,245,245,0,0
52.826,490,245,245,0,0
52.851,489,244,245,0,0
52.876,491,245,246,0,0
52.901,491,245,246,0,0
52.926,490,245,245,0,0
52.951,492,246,246,0,0
53.001,492,246,246,0,0
53.026,488,244,244,0,0
53.051,490,245,245,0,0
53.076,490,245,245,0,0
53.101,492,246,246,0,0
53.126,490,245,245,0,0
53.151,494,247,247,0,0
53.176,491,245,246,0,0
53.201,491,245,246,0,0
53.226,491,245,246,0,0
53.251,490,245,245,0,0
53.276,495,247,248,0,0
53.301,491,245,246,0,0
53.326,493,246,247,0,0
53.351,492,246,246,0,0
53.376,493,246,247,0,0
53.401,491,245,246,0,0
53.426,491,245,246,0,0
53.451,491,245,246,0,0
53.501,491,245,246,0,0
53.526,491,245,246,0,0
53.551,491,245,246,0,0
53.576,491,245,246,0,0
53.601,490,245,245,0,0
53.626,490,245,245,0,0
53.651,489,244,245,0,0
53.676,493,246,247,0,0
53.701,487,243,244,0,0
53.726,492,246,246,0,0
53.751,491,245,246,0,0
53.776,491,245,246,0,0
53.801,490,245,245,0,0
53.826,491,245,246,0,0
53.851,488,244,244,0,0
53.876,489,244,245,0,0
53.901,491,245,246,0,0
53.926,521,260,261,0,0
53.951,522,261,261,0,0
53.976,494,247,247,0,0
54.001,524,262,262,0,0
54.026,524,262,262,0,0
54.051,522,261,261,0,0
54.076,515,257,258,0,0
54.101,511,255,256,0,0
54.126,510,255,255,0,0
54.151,511,255,256,0,0
54.176,524,262,262,0,0
54.201,525,262,263,0,0
54.226,517,258,259,0,0
54.251,512,256,256,0,0
54.276,512,256,256,0,0
54.301,525,262,263,0,0
54.326,527,263,264,0,0
54.351,528,264,264,0,0
54.376,528,264,264,0,0
54.401,529,264,265,0,0
54.426,530,265,265,0,0
54.451,541,270,271,0,0
54.476,541,270,271,0,0
54.501,541,270,271,0,0
54.526,541,270,271,0,0
54.551,541,270,271,0,0
54.576,541,270,271,0,0
54.601,541,270,271,0,0
54.626,541,270,271,0,0
54.651,541,270,271,0,0
54.676,541,270,271,0,0
54.726,541,270,271,0,0
54.751,541,270,271,0,0
54.776,541,270,271,0,0
54.801,541,270,271,0,0
54.826,541,270,271,0,0
54.851,541,270,271,0,0
54.876,541,270,271,0,0
54.901,541,270,271,0,0
54.926,541,270,271,0,0
54.951,541,270,271,0,0
54.976,541,270,271,0,0
55.001,541,270,271,0,0
55.026,541,270,271,0,0
55.051,541,270,271,0,0
55.076,541,270,271,0,0
55.101,541,270,271,0,0
55.126,541,270,271,0,0
55.151,541,270,271,0,0
55.176,541,270,271,0,0
55.201,541,270,271,0,0
55.226,541,270,271,0,0
55.251,541,270,271,0,0
55.276,541,270,271,0,0
55.301,541,270,271,0,0
55.326,541,270,271,0,0
55.351,541,270,271,0,0
55.376,537,268,269,0,0
55.401,541,270,271,0,0
55.426,541,270,271,0,0
55.451,536,268,268,0,0
55.476,531,265,266,0,0
55.501,536,268,268,0,0
55.526,530,265,265,0,0
55.551,519,259,260,0,0
55.576,530,265,265,0,0
55.601,520,260,260,0,0
55.626,531,265,266,0,0
55.651,523,261,262,0,0
55.676,526,263,263,0,0
55.701,528,264,264,0,0
55.726,522,261,261,0,0
55.751,528,264,264,0,0
55.776,527,263,264,0,0
55.801,528,264,264,0,0
55.826,525,262,263,0,0
55.851,527,263,264,0,0
55.876,527,263,264,0,0
55.901,527,263,264,0,0
55.926,525,262,263,0,0
55.951,528,264,264,0,0
55.976,528,264,264,0,0
56.001,527,263,264,0,0
56.026,527,263,264,0,0
56.051,528,264,264,0,0
56.076,522,261,261,0,0
56.101,532,266,266,0,0
56.126,528,264,264,0,0
56.151,521,260,261,0,0
56.176,524,262,262,0,0
56.201,522,261,261,0,0
56.226,517,258,259,0,0
56.251,533,266,267,0,0
56.276,523,261,262,0,0
56.301,533,266,267,0,0
56.326,523,261,262,0,0
56.351,527,263,264,0,0
56.376,524,262,262,0,0
56.401,528,264,264,0,0
56.426,533,266,267,0,0
56.451,537,268,269,0,0
56.476,537,268,269,0,0
56.501,537,268,269,0,0
56.526,537,268,269,0,0
56.551,537,268,269,0,0
56.576,541,270,271,0,0
56.601,537,268,269,0,0
56.626,541,270,271,0,0
56.651,537,268,269,0,0
56.676,541,270,271,0,0
56.701,537,268,269,0,0
56.726,541,270,271,0,0
56.751,541,270,271,0,0
56.776,541,270,271,0,0
56.801,541,270,271,0,0
56.826,541,270,271,0,0
56.851,541,270,271,0,0
56.876,541,270,271,0,0
56.901,541,270,271,0,0
56.926,541,270,271,0,0
56.951,541,270,271,0,0
56.976,541,270,271,0,0
57.001,541,270,271,0,0
57.026,541,270,271,0,0
57.051,541,270,271,0,0
57.076,541,270,271,0,0
57.101,541,270,271,0,0
57.126,541,270,271,0,0
57.151,541,270,271,0,0
57.176,541,270,271,0,0
57.201,534,267,267,0,0
57.226,541,270,271,0,0
57.251,541,270,271,0,0
57.276,541,270,271,0,0
57.301,541,270,271,0,0
57.326,541,270,271,0,0
57.351,541,270,271,0,0
57.376,541,270,271,0,0
57.401,541,270,271,0,0
57.426,541,270,271,0,0
57.451,541,270,271,0,0
57.476,541,270,271,0,0
57.501,541,270,271,0,0
57.526,541,270,271,0,0
57.576,541,270,271,0,0
57.601,541,270,271,0,0
57.626,541,270,271,0,0
57.651,541,270,271,0,0
57.676,541,270,271,0,0
57.701,541,270,271,0,0
57.726,541,270,271,0,0
57.751,541,270,271,0,0
57.776,541,270,271,0,0
57.826,541,270,271,0,0
57.851,541,270,271,0,0
57.876,541,270,271,0,0
57.901,541,270,271,0,0
57.926,541,270,271,0,0
57.951,541,270,271,0,0
57.976,541,270,271,0,0
58.001,541,270,271,0,0
58.026,541,270,271,0,0
58.051,541,270,271,0,0
58.101,541,270,271,0,0
58.126,541,270,271,0,0
58.176,541,270,271,0,0
58.201,541,270,271,0,0
58.226,541,270,271,0,0
58.251,541,270,271,0,0
58.276,541,270,271,0,0
58.301,541,270,271,0,0
58.326,541,270,271,0,0
58.351,541,270,271,0,0
58.376,541,270,271,0,0
58.401,541,270,271,0,0
58.426,541,270,271,0,0
58.451,541,270,271,0,0
58.476,541,270,271,0,0
58.501,541,270,271,0,0
58.551,541,270,271,0,0
58.576,541,270,271,0,0
58.601,541,270,271,0,0
58.626,541,270,271,0,0
58.651,541,270,271,0,0
58.676,541,270,271,0,0
58.701,541,270,271,0,0
58.726,541,270,271,0,0
58.751,541,270,271,0,0
58.776,541,270,271,0,0
58.801,541,270,271,0,0
58.826,541,270,271,0,0
58.851,541,270,271,0,0
58.876,541,270,271,0,0
58.901,541,270,271,0,0
58.926,541,270,271,0,0
58.951,537,268,269,0,0
58.976,541,270,271,0,0
59.001,541,270,271,0,0
59.026,541,270,271,0,0
59.051,541,270,271,0,0
59.076,541,270,271,0,0
59.101,541,270,271,0,0
59.126,541,270,271,0,0
59.151,541,270,271,0,0
59.176,541,270,271,0,0
59.201,541,270,271,0,0
59.226,541,270,271,0,0
59.251,541,270,271,0,0
59.276,541,270,271,0,0
59.301,541,270,271,0,0
59.326,541,270,271,0,0
59.351,541,270,271,0,0
59.376,541,270,271,0,0
59.401,541,270,271,0,0
59.426,541,270,271,0,0
59.451,541,270,271,0,0
59.476,541,270,271,0,0
59.501,541,270,271,0,0
59.526,541,270,271,0,0
59.551,541,270,271,0,0
59.576,537,268,269,0,0
59.601,541,270,271,0,0
59.626,541,270,271,0,0
59.651,541,270,271,0,0
59.676,541,270,271,0,0
59.701,541,270,271,0,0
59.726,541,270,271,0,0
59.751,541,270,271,0,0
59.776,541,270,271,0,0
59.801,541,270,271,0,0
59.826,541,270,271,0,0
59.851,541,270,271,0,0
59.876,541,270,271,0,0
59.901,541,270,271,0,0
59.926,541,270,271,0,0
59.951,541,270,271,0,0
59.976,541,270,271,0,0
60.001,541,270,271,0,0
60.026,541,270,271,0,0
60.051,541,270,271,0,0
60.076,541,270,271,0,0
60.101,541,270,271,0,0
60.126,541,270,271,0,0
60.151,541,270,271,0,0
60.176,541,270,271,0,0
60.201,541,270,271,0,0
60.226,541,270,271,0,0
60.251,541,270,271,0,0
60.276,541,270,271,0,0
60.301,541,270,271,0,0
60.326,541,270,271,0,0
60.351,541,270,271,0,0
60.376,541,270,271,0,0
60.401,537,268,269,0,0
60.426,541,270,271,0,0
60.451,541,270,271,0,0
60.476,541,270,271,0,0
60.501,541,270,271,0,0
60.526,541,270,271,0,0
60.551,541,270,271,0,0
60.576,541,270,271,0,0
60.601,541,270,271,0,0
60.626,537,268,269,0,0
60.651,536,268,268,0,0
60.676,541,270,271,0,0
60.701,537,268,269,0,0
60.726,532,266,266,0,0
60.751,534,267,267,0,0
60.776,541,270,271,0,0
60.801,541,270,271,0,0
60.826,541,270,271,0,0
60.851,537,268,269,0,0
60.876,537,268,269,0,0
60.901,541,270,271,0,0
60.926,541,270,271,0,0
60.951,541,270,271,0,0
60.976,537,268,269,0,0
61.001,541,270,271,0,0
61.026,541,270,271,0,0
61.051,537,268,269,0,0
61.076,537,268,269,0,0
61.101,541,270,271,0,0
61.126,537,268,269,0,0
61.151,537,268,269,0,0
61.176,533,266,267,0,0
61.201,537,268,269,0,0
61.226,533,266,267,0,0
61.251,521,260,261,0,0
61.276,529,264,265,0,0
61.301,532,266,266,0,0
61.326,528,264,264,0,0
61.351,527,263,264,0,0
61.376,532,266,266,0,0
61.401,522,261,261,0,0
61.426,528,264,264,0,0
61.451,528,264,264,0,0
61.476,531,265,266,0,0
61.501,522,261,261,0,0
61.526,526,263,263,0,0
61.551,532,266,266,0,0
61.576,527,263,264,0,0
61.601,530,265,265,0,0
61.626,526,263,263,0,0
61.651,523,261,262,0,0
61.676,527,263,264,0,0
61.701,526,263,263,0,0
61.726,523,261,262,0,0
61.751,522,261,261,0,0
61.776,527,263,264,0,0
61.801,528,264,264,0,0
61.826,529,264,265,0,0
61.851,527,263,264,0,0
61.876,522,261,261,0,0
61.901,520,260,260,0,0
61.926,523,261,262,0,0
61.951,527,263,264,0,0
61.976,528,264,264,0,0
62.001,526,263,263,0,0
62.026,527,263,264,0,0
62.051,535,267,268,0,0
62.076,531,265,266,0,0
62.101,530,265,265,0,0
62.126,519,259,260,0,0
62.151,527,263,264,0,0
62.176,527,263,264,0,0
62.201,541,270,271,0,0
62.226,541,270,271,0,0
62.251,541,270,271,0,0
62.276,541,270,271,0,0
62.326,541,270,271,0,0
62.351,541,270,271,0,0
62.376,541,270,271,0,0
62.401,541,270,271,0,0
62.426,541,270,271,0,0
62.451,541,270,271,0,0
62.476,541,270,271,0,0
62.501,541,270,271,0,0
62.526,541,270,271,0,0
62.551,541,270,271,0,0
62.601,541,270,271,0,0
62.626,541,270,271,0,0
62.651,541,270,271,0,0
