t,x,y,yaw,vx,vy,yaw_rate,node_index,wall_factor_valid,accel_bias_x,accel_bias_y,accel_bias_z,gyro_bias_x,gyro_bias_y,gyro_bias_z
0.025,1.0000013796864657,-0.9999999880990741,1.5699949797942137,5.514626308489312e-05,1.894110854827602e-05,-0.00031130626837239106,1,0,0.05,-0.03,3.7684974755267833e-44,4.883263358626103e-42,1.1907990497178172e-36,0.005
0.05,1.0000027583430429,-0.9999995145713604,1.5699871971375043,4.458461258570767e-05,1.0613138402973454e-05,-0.00020818682887417428,2,0,0.05,-0.03,-1.05521574905409e-43,-1.4226945777947057e-41,-4.648231869098733e-37,0.005
0.076,1.0000036535017076,-0.9999994468290155,1.5699843622659408,4.668897429456067e-05,6.559240673485161e-05,-0.00012585764272160407,3,0,0.05,-0.03,-8.256254933309332e-44,4.1666210046821387e-41,-2.4224656460677533e-37,0.005
0.101,1.0000051394807319,-0.9999961693586169,1.5699807783977255,1.468599046816621e-05,0.000102899591807315,9.536763315054486e-05,4,0,0.05,-0.03,-1.389474686709348e-41,-1.8487484618840954e-40,-3.882539264205868e-35,0.005
0.126,1.000004387801231,-0.9999943018494252,1.5699891306475982,-7.730391420768254e-05,6.072092787912096e-05,0.00042766451282538737,5,0,0.05,-0.03,-5.6661909583748266e-42,1.2525248638918683e-40,-1.8930267928307598e-35,0.005
0.15100000000000002,1.0000012742850215,-0.999993133312223,1.5700021616233668,-0.00010782507970485962,0.00011221216032808452,0.00040089872985760156,6,0,0.05,-0.03,3.5476691432237007e-41,3.900277125078728e-40,5.4438852694198774e-36,0.005
0.17600000000000002,0.9999989965472458,-0.9999886912414088,1.570009175584091,-6.892207199848956e-05,0.00018547781314381956,0.0003693956390549148,7,0,0.05,-0.03,2.905631999574041e-40,-3.5536344731398133e-40,4.6850937926168066e-35,0.005
0.201,0.9999978281814216,-0.9999838594215658,1.5700206314053193,-8.857703793996309e-05,0.00021088992141926616,0.00039510845766699287,8,0,0.05,-0.03,8.683297086708954e-40,-8.16412846467279e-40,5.740689072909165e-35,0.005
0.226,0.9999945676953488,-0.9999781467453378,1.5700289310069744,-0.00027877003333953715,0.0002493977176043494,3.3480568557564545e-05,9,0,0.05,-0.03,-3.346678070136608e-40,-4.097748535440288e-40,6.957737575312068e-35,0.005
0.251,0.9999838896797546,-0.9999713895356855,1.5700223054337474,-0.00047410994942209667,0.0003083746168464073,-5.484223574825362e-05,10,0,0.05,-0.03,-1.926031635728467e-39,1.3953862934127727e-40,6.320028746916025e-35,0.005
0.276,0.9999708621978777,-0.9999627280144955,1.570026188895187,-0.0005662129100847396,0.00032419830222840646,0.00010900783957268336,11,0,0.05,-0.03,-4.2811972138338e-39,4.0743626744270086e-39,8.831673710951287e-35,0.005
0.30100000000000005,0.9999555790342504,-0.9999551796205741,1.570027755825726,-0.0006598673808078105,0.00027261182538707024,-6.102624277914971e-05,12,0,0.05,-0.03,-7.788974430624158e-39,3.383721279452009e-39,1.1648714107732883e-34,0.005
0.326,0.9999378688288373,-0.9999490974232261,1.5700231375830478,-0.0006853579678955947,0.0003163159277508321,-0.00015320121415030033,13,0,0.05,-0.03,-9.529348811267723e-39,8.671654941718242e-40,1.4230835809356867e-34,0.005
0.35100000000000003,0.9999213111358556,-0.9999393638241866,1.5700200957650188,-0.0007795167612156819,0.00041701794763371336,0.00014540310946387083,14,0,0.05,-0.03,-4.495208315356278e-40,-5.559453710003578e-39,2.9375481042896066e-34,0.005
0.376,0.9998988929907765,-0.9999282465258444,1.570030407738521,-0.0009270573704012188,0.00039125019129615534,0.00043732803788998364,15,0,0.05,-0.03,-1.4496016916107024e-38,3.095807557766916e-39,8.04153536953287e-35,0.005
0.401,0.9998749582673355,-0.9999198013146218,1.570041962166913,-0.0008259450658854021,0.00027828922377626215,0.00030431862148461137,16,0,0.05,-0.03,-7.064251057532202e-39,-1.8125266572556813e-38,5.9956525331350885e-34,0.005
0.42600000000000005,0.9998575957374822,-0.9999143320646556,1.5700456236695954,-0.0006329499513757498,0.0001361105603248092,0.0001277632362572945,17,0,0.05,-0.03,-2.2868432827424482e-39,4.1442173290023014e-38,2.2306519493203774e-34,0.005
0.451,0.9998433107697667,-0.9999129957866055,1.5700483503287261,-0.0005947609657463994,0.00013809372697570768,8.192541226748064e-05,18,0,0.05,-0.03,9.576642030435731e-40,-1.0887388656864196e-39,6.119155611634083e-34,0.005
0.47600000000000003,0.9998278576891949,-0.9999074273783068,1.5700497199402088,-0.0006339085123130418,0.00011392072269300615,0.00016778907691694658,19,0,0.05,-0.03,1.0456101166799662e-38,4.792732494860776e-38,1.8880394384560539e-34,0.005
0.501,0.9998116153441511,-0.9999072997504709,1.570056739782572,-0.000615945466275747,-6.848676661563859e-05,0.0003646116660327437,20,0,0.05,-0.03,1.4622213170681324e-38,6.4475586201259e-38,2.870630630481562e-34,0.005
0.526,0.9997970604158811,-0.9999108517166376,1.5700679505235104,-0.0005783068149933785,-0.00013672563333733112,0.00040452906467258704,21,0,0.05,-0.03,-2.871312218959956e-38,-5.534363164744682e-38,9.018795840100045e-34,0.005
0.551,0.9997827000034014,-0.9999141360321377,1.5700769662358056,-0.0006210775883741521,-0.00010755533336181945,-6.867281706846022e-05,22,0,0.05,-0.03,5.438388887144054e-38,3.871211573628892e-38,1.0197672168005213e-33,0.005
0.5760000000000001,0.9997660065364624,-0.9999162294833057,1.570064516882657,-0.0006246109845542408,-5.965592977386075e-05,-0.00032082810253797307,23,0,0.05,-0.03,-1.184329655852816e-37,-1.5665581695826383e-37,-3.486670946934783e-35,0.005
0.6010000000000001,0.9997514694541737,-0.9999171188286264,1.5700609248306785,-0.0005210073260575327,-3.015116356586138e-05,0.00021384885286579477,24,0,0.05,-0.03,-3.822645246050008e-37,-1.663923448805973e-37,-1.265082884678035e-34,0.005
0.626,0.9997399561701595,-0.999917737041484,1.5700752093253,-0.0004839456156457984,-9.849396520600364e-07,0.0002583072353168351,25,0,0.05,-0.03,-2.0295902120731954e-37,-1.3943408306366161e-37,-4.9957869833498685e-34,0.005
0.651,0.9997272721733914,-0.999917168075609,1.5700738401924446,-0.00043502848209753215,5.0180753403683506e-05,4.808851620907713e-05,26,0,0.05,-0.03,-6.445008111901819e-38,-3.756865490312729e-37,-4.726238104294937e-34,0.005
0.676,0.9997182047460547,-0.9999152280038138,1.5700776137511108,-0.0003821090922895284,6.297188960724393e-05,0.0002679594931365157,27,0,0.05,-0.03,6.307445723741079e-38,-2.7031849585172584e-37,3.197563929775736e-33,0.005
0.7010000000000001,0.9997081667187769,-0.9999140194811287,1.5700872381671014,-0.0004052944923027542,3.250439559066007e-05,0.0001814035865166373,28,0,0.05,-0.03,-3.3375283477495054e-37,-4.1616863100311395e-37,2.3323920677265746e-33,0.005
0.7260000000000001,0.9996979400214395,-0.9999136027840343,1.5700866839304364,-0.0003383786712518604,-1.974207936905617e-05,0.0001292545651843115,29,0,0.05,-0.03,-2.874044852492318e-37,3.7064939602761917e-38,2.5380411115911075e-33,0.005
0.751,0.9996912477852143,-0.9999150065850971,1.5700937008953606,-0.00021720036665451333,-2.3206749997228857e-05,0.00013631464439001225,30,0,0.05,-0.03,-6.927607388437155e-37,1.5309454955167769e-37,-2.0743194083800086e-33,0.005
0.776,0.9996870800031068,-0.9999147631215342,1.5700934996626559,-0.0001718467983868875,8.3082720059302e-06,-8.267351915947068e-05,31,0,0.05,-0.03,-8.494786911141717e-37,8.834243406621961e-37,-3.784545529214497e-33,0.005
0.801,0.999682655445295,-0.9999145911714968,1.5700895672194026,-0.00013796096003160216,7.704347586567899e-06,0.00017087736938314874,32,0,0.05,-0.03,-8.110139569683408e-37,5.348300331413551e-38,-7.488088053709265e-34,0.005
0.8260000000000001,0.9996801819551052,-0.9999143779041548,1.570102043531125,-0.00012775322282276836,3.952360549952513e-05,0.0002875197762008949,33,0,0.05,-0.03,-1.9502690842784814e-36,6.819071261507351e-37,-2.2002457468810914e-33,0.005
0.8510000000000001,0.9996762677841539,-0.9999126149912219,1.5701039432082124,-0.0001410426750081408,8.292666265230519e-05,0.0005606832675653103,34,0,0.05,-0.03,-1.0290708156829233e-36,1.0130122750950389e-36,-3.745590937198364e-35,0.005
0.876,0.9996731298213548,-0.9999102315710222,1.5701300776945035,-6.0007974367337706e-05,0.00011976614735287344,0.0003394781878807156,35,0,0.05,-0.03,-1.8340260309686804e-36,8.933580587015866e-37,-8.358957227733663e-33,0.005
0.901,0.9996732673854355,-0.9999066266838542,1.5701209171176065,2.184313986575146e-05,9.215356793657029e-05,-0.00014997328223742543,36,0,0.05,-0.03,-9.790918939255185e-37,5.95145061478675e-37,1.2646382593016606e-33,0.005
0.926,0.9996742219783481,-0.9999056238926254,1.5701225790303919,7.204006475802764e-05,-2.161041341208756e-05,0.00025576797696658083,37,0,0.05,-0.03,-1.0519406884371934e-36,5.610612738832558e-37,-4.665812623730611e-33,0.005
0.9510000000000001,0.9996768693886734,-0.9999077072045248,1.5701337055164548,7.557423877591056e-05,-0.00014202780459271467,0.00029703798540836574,38,0,0.05,-0.03,-1.3374998369501427e-36,4.4251395961063776e-36,-8.44485237750025e-33,0.005
0.9760000000000001,0.9996780006902869,-0.999912725282855,1.5701374309296625,2.7808952707264565e-05,-0.00022118143342853081,0.00015601853912805606,39,0,0.05,-0.03,-1.9388910073037924e-36,-5.813118208389769e-36,-1.814100608245207e-32,0.005
1.001,0.9996782598363088,-0.9999187662761962,1.5701415064434112,-7.751797974187024e-05,-0.00024739168967169466,0.00024214602300176612,40,0,0.05,-0.03,-3.085356914972158e-36,2.2162083852265746e-36,-1.0925340044473255e-32,0.005
1.026,0.9996741247912998,-0.9999250948673386,1.5701495382308128,-0.00016164018152409185,-0.0002895247963641265,5.4704172800512604e-05,41,0,0.05,-0.03,-2.0749222743239344e-36,2.910435634780215e-35,-2.127370707091684e-32,0.005
1.051,0.9996701778272326,-0.9999332425160145,1.570144241652051,-8.937910755513193e-05,-0.00035115656154882625,0.00023973982093750102,42,0,0.05,-0.03,-2.6988566011620688e-36,5.588766489203307e-36,-2.4007844363221334e-32,0.005
1.076,0.999669655835922,-0.999942652695416,1.5701615252218597,-9.022671028091614e-06,-0.0003643604913095008,0.0003021287284710181,43,0,0.05,-0.03,-1.605396233903041e-36,1.4074821879433675e-35,-2.657370479001807e-32,0.005
1.101,0.9996697266936811,-0.9999514605405799,1.5701593480884746,-6.819856528395032e-06,-0.00032587017140706223,0.00026766673253853055,44,0,0.05,-0.03,-1.1294101564042446e-36,-9.19155494450768e-35,-1.4273258781978575e-32,0.005
1.126,0.9996693148430956,-0.9999589462039864,1.5701749085584866,3.7310477039031975e-05,-0.00027414322736341013,0.00018315902187815409,45,0,0.05,-0.03,-8.232871038393621e-37,-5.910657803073868e-35,-7.055234708898408e-33,0.005
1.151,0.9996715922175331,-0.9999651677019481,1.5701685060395685,0.0001430749144293307,-0.00025827146310941607,-0.0003629928904036458,46,0,0.05,-0.03,1.9001239588911923e-37,-8.359762534917523e-36,-4.070212057363662e-32,0.005
1.176,0.9996764685888171,-0.9999718597771419,1.5701567589139664,0.00023023233238550467,-0.00028048985857731496,-0.0005257979266559683,47,0,0.05,-0.03,1.8219840979651504e-36,2.629788923945418e-35,-1.3660067725198655e-32,0.005
1.201,0.9996831038341524,-0.999979192194877,1.5701422161432355,0.0003095692616783549,-0.00025292505383411857,-0.00042185308004150064,48,0,0.05,-0.03,1.8608171704382862e-36,-6.127243063184597e-35,-9.892701752146025e-33,0.005
1.226,0.999691947051901,-0.9999845060298336,1.5701356662599646,0.0002763613122946938,-0.00023475669038042297,-0.0002276957792624054,49,0,0.05,-0.03,1.628605291596682e-36,7.888670853483386e-35,-1.3416264818206877e-31,0.005
1.251,0.9996969218997671,-0.999990930029396,1.5701308313542721,0.0002461521117225194,-0.0003008680112626114,-0.00010601698366308189,50,0,0.05,-0.03,1.1500505783067597e-36,2.3300789135836395e-34,-7.931509583452374e-32,0.005
1.276,0.9997042546574871,-0.9999995494303967,1.5701303654107814,0.0003845965346949122,-0.00031492900891327667,0.00019899031367564995,51,0,0.05,-0.03,7.46432085034951e-37,2.324372371707906e-35,-1.1597684200599015e-31,0.005
1.3010000000000002,0.9997161517265019,-1.0000066764798416,1.570140780869956,0.0005762376903195582,-0.0002695574607014526,0.000277267538191239,52,0,0.05,-0.03,2.328654579656993e-36,-7.105465375757835e-34,-7.488862762301605e-32,0.005
1.326,0.9997330665420031,-1.0000130273034318,1.570144228787691,0.0006960970250324852,-0.0002890166750946232,0.0004027688598196036,53,0,0.05,-0.03,2.755470094269317e-36,-1.9016236067105648e-35,-2.765166961406371e-32,0.005
1.351,0.9997509565777535,-1.0000211273135964,1.5701609193129469,0.0007708567859410236,-0.0003141815535334669,0.00013019470519459777,54,0,0.05,-0.03,2.846747713881408e-36,-1.0397117962424823e-33,-1.038005156803585e-31,0.005
1.376,0.9997716093813002,-1.0000287363811085,1.5701507385229507,0.0008722906346969587,-0.00031673642908458505,-0.00021060359395974596,55,0,0.05,-0.03,3.002052245203325e-36,-1.0785980489243427e-33,3.0809491928638014e-32,0.005
1.401,0.9997945711094883,-1.0000369641350506,1.5701503891332487,0.0009424085316589398,-0.0003436247940236096,-6.024504616064487e-05,56,0,0.05,-0.03,2.8192106007490142e-36,-1.6223556222499875e-34,-1.114984399751338e-31,0.005
1.4260000000000002,0.9998187298078831,-1.0000459176208096,1.5701477262706425,0.00101419629920274,-0.00033389451367327156,0.00016035505916889279,57,0,0.05,-0.03,4.252674780750111e-36,-1.574752787318622e-33,3.3482726297609075e-32,0.005
1.451,0.9998452809244485,-1.0000536588607343,1.5701584068862071,0.0010632057521786679,-0.0003304017815342076,0.00023579994518741016,58,0,0.05,-0.03,4.32839599084911e-36,-1.827371767286757e-33,5.19957562744958e-32,0.005
1.476,0.999871890095492,-1.0000624377098863,1.5701595162679018,0.001041386759230715,-0.0004637405955021395,0.00016715262704636362,59,0,0.05,-0.03,-2.998181077317838e-37,-4.243472808343959e-33,-2.3116492357271375e-31,0.005
1.501,0.99989735026241,-1.0000768458905094,1.5701667645175597,0.0009911603866297183,-0.0006035697294537451,0.0002688517945781397,60,0,0.05,-0.03,-8.795394958532387e-37,-2.54034855097492e-33,-2.3176397858732905e-31,0.005
1.526,0.9999214481148235,-1.000092616196359,1.5701729588576308,0.0010003646035494586,-0.0006896520676624681,0.0002335099084227453,61,0,0.05,-0.03,-1.2433745025758004e-36,5.380367710578285e-34,-9.647872291766573e-32,0.005
1.5510000000000002,0.9999473684925875,-1.0001113284938925,1.5701784400129806,0.0010276773869688496,-0.0007741655771820171,0.0002057817728484677,62,0,0.05,-0.03,2.426850178386126e-36,5.474044531128804e-33,2.745489114262738e-32,0.005
1.576,0.999972831984172,-1.0001313244752181,1.5701832479462734,0.001010903810410028,-0.0007689251005826874,0.00014744810711953045,63,0,0.05,-0.03,2.422062897430917e-36,-1.5969113592754706e-33,-3.490093957498524e-33,0.005
1.601,0.999997913683108,-1.0001497747489216,1.5701858124183365,0.0010637007717639905,-0.0007234314037685178,0.00019576959265244013,64,0,0.05,-0.03,2.24653157014476e-36,-2.7990021033731186e-33,8.649597608776799e-33,0.005
1.626,1.0000260170227602,-1.0001674960454066,1.570193036425906,0.0011939416422657157,-0.0007417254114239207,-7.080484820676241e-06,65,0,0.05,-0.03,-2.160382885654873e-36,-8.202929052762641e-33,-3.5155073880111175e-31,0.005
1.651,1.0000576107652213,-1.0001868610194928,1.5701854583940953,0.0013188788611584387,-0.0007736194584628778,-0.00017884318610938881,66,0,0.05,-0.03,1.796835406048256e-36,-8.005923756109797e-33,1.9912903719257846e-32,0.005
1.6760000000000002,1.000091960965818,-1.0002061770183297,1.5701840942666008,0.001428799084304265,-0.000713444097661941,6.81961301829403e-05,67,0,0.05,-0.03,4.135287101707763e-36,2.17337725567219e-33,3.8772480619266455e-32,0.005
1.701,1.0001290507194365,-1.000222533224376,1.5701888682006044,0.0015037380218263562,-0.0007012816315743489,0.00032259402225953807,68,0,0.05,-0.03,7.794535111941619e-37,-1.128872792144533e-32,-6.309139261495995e-33,0.005
1.726,1.0001671478669094,-1.0002412410999084,1.5702002239677137,0.0015499327143153661,-0.0007720138863120978,9.667076641406459e-05,69,0,0.05,-0.03,9.176213643666902e-36,-1.3521238597347776e-32,5.174076808239577e-31,0.005
1.751,1.0002065473551522,-1.0002611339186915,1.570193701738925,0.0016004304826955347,-0.0008219461326808279,-0.0002545618095250999,70,0,0.05,-0.03,5.241774500225855e-36,2.1994242645466273e-32,6.2911436168163e-31,0.005
1.776,1.0002471693910442,-1.0002823384065425,1.5701874958772375,0.0016368179510273164,-0.0009328710667411094,-0.0002914769632056375,71,0,0.05,-0.03,-2.42020430601724e-36,7.993911842663092e-33,-7.747241722897576e-31,0.005
1.8010000000000002,1.0002883882527036,-1.0003077774720286,1.5701791278907646,0.0016250954772756272,-0.001034974018545575,-0.0004144808686135089,72,0,0.05,-0.03,1.0285852209012544e-35,9.778394051223022e-33,6.025109659518637e-31,0.005
1.826,1.000328424164908,-1.0003340871074697,1.5701667718338066,0.0016615232105143876,-0.0010699832985316998,-0.0005842581659365485,73,0,0.05,-0.03,7.361481220886834e-36,1.8835462575247077e-32,-2.3504761879572595e-31,0.005
1.851,1.0003714644132293,-1.0003612766369552,1.5701499149824676,0.0017176791354778292,-0.001118807032161055,-0.000689637690083347,74,0,0.05,-0.03,1.3055856420271558e-36,3.295647901474883e-32,-1.181644039667743e-30,0.005
1.876,1.0004143081216819,-1.0003900274590778,1.5701322899493027,0.001736945262256205,-0.0011771647053970813,-0.00023655711030912108,75,0,0.05,-0.03,4.664226482096558e-36,4.827618152627938e-32,-1.1909570392277263e-30,0.005
1.901,1.0004583116763421,-1.000420134872225,1.570138087126952,0.0018011272270568217,-0.0012686384526450145,0.00020648453203264583,76,0,0.05,-0.03,-9.631799348687087e-36,5.047614154500109e-32,-5.081611690446463e-31,0.005
1.9260000000000002,1.0005043644830347,-1.00045345938171,1.5701426141759045,0.0018602504240572398,-0.0013792343204288558,5.541769095174227e-05,77,0,0.05,-0.03,-1.196323753805795e-36,3.292170012153075e-32,-5.0728217045610995e-31,0.005
1.951,1.000551324197545,-1.0004890965882465,1.5701408580114993,0.0018575323697511757,-0.0014357281526944429,-0.0002531972056107899,78,0,0.05,-0.03,-1.1202133314299814e-36,3.41286172761416e-32,-4.867812130815249e-31,0.005
1.976,1.0005972411015223,-1.0005252457893448,1.570129954315624,0.0018097431461239276,-0.0014389515009227746,-0.0003041161902039857,79,0,0.05,-0.03,1.3331231334992214e-35,2.3357132230862535e-35,2.2119029825633983e-31,0.005
2.001,1.0006418113548512,-1.0005610441632926,1.5701256522019893,0.001763202864486508,-0.001456656819662788,-0.0003569386185819935,80,0,0.05,-0.03,2.747024957745561e-35,3.2317716620183495e-32,-1.4341492452232595e-30,0.005
2.026,1.0006854012447466,-1.000598078630328,1.5701121073846949,0.0017541398965814543,-0.0015184274280421936,-0.0002673284143472884,81,0,0.05,-0.03,-8.812145657802637e-36,6.265068507366641e-32,-1.3785933222534309e-30,0.005
2.051,1.0007295183496803,-1.0006369655346947,1.570112285781272,0.0017830457667322623,-0.0015355693647700537,-6.743315480228737e-05,82,0,0.05,-0.03,3.323223832688331e-35,-9.242400902474418e-33,2.221619147154817e-31,0.005
2.076,1.0007745535330832,-1.0006748570985664,1.5701087357269548,0.0017368412367835323,-0.0015033304507650112,2.2540003818960567e-05,83,0,0.05,-0.03,4.947652463864935e-35,1.7890025482373107e-31,-1.2866584301928833e-31,0.005
2.101,1.0008163604115194,-1.000712132057233,1.5701134127814627,-3.3546791142644016e-10,3.834068925849653e-10,-8.803060207313922e-10,84,0,0.05,-0.03,4.7823256175435114e-35,1.0189140656961867e-31,-1.8488299680810148e-31,0.005
1785434774.9740653,0.4018184792808287,-0.31612685890857595,-0.0016202444783979223,-4.572333997682643e-13,3.988563837956812e-13,-6.35211003786933e-14,86,0,0.05,-0.03,4.7823256175435114e-35,1.0189140656961867e-31,-1.8488299680810148e-31,0.005
1785434775.5300508,1.0,-1.0,1.57,0.555941141660391,-0.6355816782038868,1.4606408300969451,88,0,0.05,-0.03,0.0,0.0,0.0,0.005
1785434776.0500453,1.0,-1.0,1.57,0.0,0.0,0.0,90,0,0.05,-0.03,0.0,0.0,0.0,0.005
1785434776.5620801,1.0,-1.0,1.57,0.0,0.0,0.0,92,0,0.05,-0.03,0.0,0.0,0.0,0.005
1785434777.0941193,1.0,-1.0,1.57,0.0,0.0,0.0,94,0,0.05,-0.03,0.0,0.0,0.0,0.005
1785434777.658064,1.0,-1.0,1.57,0.0,0.0,0.0,96,0,0.05,-0.03,0.0,0.0,0.0,0.005
1785434778.1543124,1.0,-1.0,1.57,0.0,0.0,0.0,98,0,0.05,-0.03,0.0,0.0,0.0,0.005
1785434778.7020767,1.0,-1.0,1.57,0.0,0.0,0.0,100,0,0.05,-0.03,0.0,0.0,0.0,0.005
1785434779.2140508,1.0,-1.0,1.57,0.0,0.0,0.0,102,0,0.05,-0.03,0.0,0.0,0.0,0.005
1785434779.7540407,1.0,-1.0,1.57,0.0,0.0,0.0,104,0,0.05,-0.03,0.0,0.0,0.0,0.005
1785434780.3742847,1.0,-1.0,1.57,0.0,0.0,0.0,106,0,0.05,-0.03,0.0,0.0,0.0,0.005
1785434780.81806,1.0,-1.0,1.57,0.0,0.0,0.0,108,0,0.05,-0.03,0.0,0.0,0.0,0.005
1785434781.338106,1.0,-1.0,1.57,0.0,0.0,0.0,110,0,0.05,-0.03,0.0,0.0,0.0,0.005
1785434781.846096,1.0,-1.0,1.57,0.0,0.0,0.0,112,0,0.05,-0.03,0.0,0.0,0.0,0.005
1785434782.3780668,1.0,-1.0,1.57,0.0,0.0,0.0,114,0,0.05,-0.03,0.0,0.0,0.0,0.005
1785434782.8901038,1.0,-1.0,1.57,0.0,0.0,0.0,116,0,0.05,-0.03,0.0,0.0,0.0,0.005
1785434783.3820727,1.0,-1.0,1.57,0.0,0.0,0.0,118,0,0.05,-0.03,0.0,0.0,0.0,0.005
1785434783.9541402,1.0,-1.0,1.57,0.0,0.0,0.0,120,0,0.05,-0.03,0.0,0.0,0.0,0.005
1785434784.4860294,1.0,-1.0,1.57,0.0,0.0,0.0,122,0,0.05,-0.03,0.0,0.0,0.0,0.005
1785434784.9940903,1.0,-1.0,1.57,0.0,0.0,0.0,124,0,0.05,-0.03,0.0,0.0,0.0,0.005
1785434785.506137,1.0,-1.0,1.57,0.0,0.0,0.0,126,0,0.05,-0.03,0.0,0.0,0.0,0.005
1785434786.0340323,1.0,-1.0,1.57,0.0,0.0,0.0,128,0,0.05,-0.03,0.0,0.0,0.0,0.005
1785434786.5300798,1.0,-1.0,1.57,0.0,0.0,0.0,130,0,0.05,-0.03,0.0,0.0,0.0,0.005
1785434787.078051,1.0,-1.0,1.57,0.0,0.0,0.0,132,0,0.05,-0.03,0.0,0.0,0.0,0.005
1785434787.5900626,1.0,-1.0,1.57,0.0,0.0,0.0,134,0,0.05,-0.03,0.0,0.0,0.0,0.005
1785434788.1061258,1.0,-1.0,1.57,0.0,0.0,0.0,136,0,0.05,-0.03,0.0,0.0,0.0,0.005
1785434788.6140625,1.0,-1.0,1.57,0.0,0.0,0.0,138,0,0.05,-0.03,0.0,0.0,0.0,0.005
1785434789.126169,1.0,-1.0,1.57,0.0,0.0,0.0,140,0,0.05,-0.03,0.0,0.0,0.0,0.005
1785434789.6180582,1.0,-1.0,1.57,0.0,0.0,0.0,142,0,0.05,-0.03,0.0,0.0,0.0,0.005
1785434790.1980758,1.0,-1.0,1.57,0.0,0.0,0.0,144,0,0.05,-0.03,0.0,0.0,0.0,0.005
1785434790.726094,1.0,-1.0,1.57,0.0,0.0,0.0,146,0,0.05,-0.03,0.0,0.0,0.0,0.005
1785434791.2621086,1.0,-1.0,1.57,0.0,0.0,0.0,148,0,0.05,-0.03,0.0,0.0,0.0,0.005
1785434791.7380934,1.0,-1.0,1.57,0.0,0.0,0.0,150,0,0.05,-0.03,0.0,0.0,0.0,0.005
1785434792.254063,1.0,-1.0,1.57,0.0,0.0,0.0,152,0,0.05,-0.03,0.0,0.0,0.0,0.005
1785434792.742073,1.0,-1.0,1.57,0.0,0.0,0.0,154,0,0.05,-0.03,0.0,0.0,0.0,0.005
1785434793.2621157,1.0,-1.0,1.57,0.0,0.0,0.0,156,0,0.05,-0.03,0.0,0.0,0.0,0.005
1785434793.7860816,1.0,-1.0,1.57,0.0,0.0,0.0,158,0,0.05,-0.03,0.0,0.0,0.0,0.005
1785434794.2700298,1.0,-1.0,1.57,0.0,0.0,0.0,160,0,0.05,-0.03,0.0,0.0,0.0,0.005
1785434794.7981632,1.0,-1.0,1.57,0.0,0.0,0.0,162,0,0.05,-0.03,0.0,0.0,0.0,0.005
1785434795.314044,1.0,-1.0,1.57,0.0,0.0,0.0,164,0,0.05,-0.03,0.0,0.0,0.0,0.005
1785434795.8702261,1.0,-1.0,1.57,0.0,0.0,0.0,166,0,0.05,-0.03,0.0,0.0,0.0,0.005
1785434796.4100478,1.0,-1.0,1.57,0.0,0.0,0.0,168,0,0.05,-0.03,0.0,0.0,0.0,0.005
1785434796.910076,1.0,-1.0,1.57,0.0,0.0,0.0,170,0,0.05,-0.03,0.0,0.0,0.0,0.005
1785434797.4300456,1.0,-1.0,1.57,0.0,0.0,0.0,172,0,0.05,-0.03,0.0,0.0,0.0,0.005
1785434797.942085,1.0,-1.0,1.57,0.0,0.0,0.0,174,0,0.05,-0.03,0.0,0.0,0.0,0.005
1785434798.506186,1.0,-1.0,1.57,0.0,0.0,0.0,176,0,0.05,-0.03,0.0,0.0,0.0,0.005
1785434798.986206,1.0,-1.0,1.57,0.0,0.0,0.0,178,0,0.05,-0.03,0.0,0.0,0.0,0.005
1785434799.498042,1.0,-1.0,1.57,0.0,0.0,0.0,180,0,0.05,-0.03,0.0,0.0,0.0,0.005
1785434800.0140452,1.0,-1.0,1.57,0.0,0.0,0.0,182,0,0.05,-0.03,0.0,0.0,0.0,0.005
1785434800.5340395,1.0,-1.0,1.57,0.0,0.0,0.0,184,0,0.05,-0.03,0.0,0.0,0.0,0.005
1785434801.0140734,1.0,-1.0,1.57,0.0,0.0,0.0,186,0,0.05,-0.03,0.0,0.0,0.0,0.005
1785434801.5300226,1.0,-1.0,1.57,0.0,0.0,0.0,188,0,0.05,-0.03,0.0,0.0,0.0,0.005
1785434802.098086,1.0,-1.0,1.57,0.0,0.0,0.0,190,0,0.05,-0.03,0.0,0.0,0.0,0.005
1785434802.6460378,1.0,-1.0,1.57,0.0,0.0,0.0,192,0,0.05,-0.03,0.0,0.0,0.0,0.005
1785434803.1380699,1.0,-1.0,1.57,0.0,0.0,0.0,194,0,0.05,-0.03,0.0,0.0,0.0,0.005
1785434803.6541197,1.0,-1.0,1.57,0.0,0.0,0.0,196,0,0.05,-0.03,0.0,0.0,0.0,0.005
1785434804.1940358,1.0,-1.0,1.57,0.0,0.0,0.0,198,0,0.05,-0.03,0.0,0.0,0.0,0.005
1785434804.7180676,1.0,-1.0,1.57,0.0,0.0,0.0,200,0,0.05,-0.03,0.0,0.0,0.0,0.005
1785434805.2140632,1.0,-1.0,1.57,0.0,0.0,0.0,202,0,0.05,-0.03,0.0,0.0,0.0,0.005
1785434805.7421288,1.0,-1.0,1.57,0.0,0.0,0.0,204,0,0.05,-0.03,0.0,0.0,0.0,0.005
1785434806.2540545,1.0,-1.0,1.57,0.0,0.0,0.0,206,0,0.05,-0.03,0.0,0.0,0.0,0.005
1785434806.754066,1.0,-1.0,1.57,0.0,0.0,0.0,208,0,0.05,-0.03,0.0,0.0,0.0,0.005
1785434807.274037,1.0,-1.0,1.57,0.0,0.0,0.0,210,0,0.05,-0.03,0.0,0.0,0.0,0.005
1785434807.834063,1.0,-1.0,1.57,0.0,0.0,0.0,212,0,0.05,-0.03,0.0,0.0,0.0,0.005
1785434808.3420446,1.0,-1.0,1.57,0.0,0.0,0.0,214,0,0.05,-0.03,0.0,0.0,0.0,0.005
1785434808.8780475,1.0,-1.0,1.57,0.0,0.0,0.0,216,0,0.05,-0.03,0.0,0.0,0.0,0.005
1785434809.4260385,1.0,-1.0,1.57,0.0,0.0,0.0,218,0,0.05,-0.03,0.0,0.0,0.0,0.005
1785434809.9980443,1.0,-1.0,1.57,0.0,0.0,0.0,220,0,0.05,-0.03,0.0,0.0,0.0,0.005
1785434810.4740615,1.0,-1.0,1.57,0.0,0.0,0.0,222,0,0.05,-0.03,0.0,0.0,0.0,0.005
1785434810.9980798,1.0,-1.0,1.57,0.0,0.0,0.0,224,0,0.05,-0.03,0.0,0.0,0.0,0.005
1785434811.50603,1.0,-1.0,1.57,0.0,0.0,0.0,226,0,0.05,-0.03,0.0,0.0,0.0,0.005
1785434812.010061,1.0,-1.0,1.57,0.0,0.0,0.0,228,0,0.05,-0.03,0.0,0.0,0.0,0.005
1785434812.5380392,1.0,-1.0,1.57,0.0,0.0,0.0,230,0,0.05,-0.03,0.0,0.0,0.0,0.005
1785434813.0380914,1.0,-1.0,1.57,0.0,0.0,0.0,232,0,0.05,-0.03,0.0,0.0,0.0,0.005
1785434813.5900464,1.0,-1.0,1.57,0.0,0.0,0.0,234,0,0.05,-0.03,0.0,0.0,0.0,0.005
1785434814.1420732,1.0,-1.0,1.57,0.0,0.0,0.0,236,0,0.05,-0.03,0.0,0.0,0.0,0.005
1785434814.64204,1.0,-1.0,1.57,0.0,0.0,0.0,238,0,0.05,-0.03,0.0,0.0,0.0,0.005
1785434815.1740906,1.0,-1.0,1.57,0.0,0.0,0.0,240,0,0.05,-0.03,0.0,0.0,0.0,0.005
1785434815.7180421,1.0,-1.0,1.57,0.0,0.0,0.0,242,0,0.05,-0.03,0.0,0.0,0.0,0.005
1785434816.2060773,1.0,-1.0,1.57,0.0,0.0,0.0,244,0,0.05,-0.03,0.0,0.0,0.0,0.005
1785434816.702053,1.0,-1.0,1.57,0.0,0.0,0.0,246,0,0.05,-0.03,0.0,0.0,0.0,0.005
1785434817.254035,1.0,-1.0,1.57,0.0,0.0,0.0,248,0,0.05,-0.03,0.0,0.0,0.0,0.005
1785434817.7540407,1.0,-1.0,1.57,0.0,0.0,0.0,250,0,0.05,-0.03,0.0,0.0,0.0,0.005
1785434818.27417,1.0,-1.0,1.57,0.0,0.0,0.0,252,0,0.05,-0.03,0.0,0.0,0.0,0.005
1785434818.7861133,1.0,-1.0,1.57,0.0,0.0,0.0,254,0,0.05,-0.03,0.0,0.0,0.0,0.005
1785434819.3340673,1.0,-1.0,1.57,0.0,0.0,0.0,256,0,0.05,-0.03,0.0,0.0,0.0,0.005
1785434819.9060514,1.0,-1.0,1.57,0.0,0.0,0.0,258,0,0.05,-0.03,0.0,0.0,0.0,0.005
1785434820.4300895,1.0,-1.0,1.57,0.0,0.0,0.0,260,0,0.05,-0.03,0.0,0.0,0.0,0.005
1785434820.9340937,1.0,-1.0,1.57,0.0,0.0,0.0,262,0,0.05,-0.03,0.0,0.0,0.0,0.005
1785434821.4780416,1.0,-1.0,1.57,0.0,0.0,0.0,264,0,0.05,-0.03,0.0,0.0,0.0,0.005
1785434821.9821458,1.0,-1.0,1.57,0.0,0.0,0.0,266,0,0.05,-0.03,0.0,0.0,0.0,0.005
1785434822.518073,1.0,-1.0,1.57,0.0,0.0,0.0,268,0,0.05,-0.03,0.0,0.0,0.0,0.005
1785434823.0181284,1.0,-1.0,1.57,0.0,0.0,0.0,270,0,0.05,-0.03,0.0,0.0,0.0,0.005
1785434823.5260975,1.0,-1.0,1.57,0.0,0.0,0.0,272,0,0.05,-0.03,0.0,0.0,0.0,0.005
1785434824.1460655,1.0,-1.0,1.57,0.0,0.0,0.0,274,0,0.05,-0.03,0.0,0.0,0.0,0.005
1785434824.7461228,1.0,-1.0,1.57,0.0,0.0,0.0,276,0,0.05,-0.03,0.0,0.0,0.0,0.005
1785434825.2660422,1.0,-1.0,1.57,0.0,0.0,0.0,278,0,0.05,-0.03,0.0,0.0,0.0,0.005
1785434825.762035,1.0,-1.0,1.57,0.0,0.0,0.0,280,0,0.05,-0.03,0.0,0.0,0.0,0.005
1785434826.2741206,1.0,-1.0,1.57,0.0,0.0,0.0,282,0,0.05,-0.03,0.0,0.0,0.0,0.005
1785434826.7861025,1.0,-1.0,1.57,0.0,0.0,0.0,284,0,0.05,-0.03,0.0,0.0,0.0,0.005
1785434827.3060675,1.0,-1.0,1.57,0.0,0.0,0.0,286,0,0.05,-0.03,0.0,0.0,0.0,0.005
1785434827.8100493,1.0,-1.0,1.57,0.0,0.0,0.0,288,0,0.05,-0.03,0.0,0.0,0.0,0.005
1785434828.322084,1.0,-1.0,1.57,0.0,0.0,0.0,290,0,0.05,-0.03,0.0,0.0,0.0,0.005
1785434828.862045,1.0,-1.0,1.57,0.0,0.0,0.0,292,0,0.05,-0.03,0.0,0.0,0.0,0.005
1785434829.3940337,1.0,-1.0,1.57,0.0,0.0,0.0,294,0,0.05,-0.03,0.0,0.0,0.0,0.005
1785434829.9060488,1.0,-1.0,1.57,0.0,0.0,0.0,296,0,0.05,-0.03,0.0,0.0,0.0,0.005
1785434830.426066,1.0,-1.0,1.57,0.0,0.0,0.0,298,0,0.05,-0.03,0.0,0.0,0.0,0.005
1785434831.014285,1.0,-1.0,1.57,0.0,0.0,0.0,300,0,0.05,-0.03,0.0,0.0,0.0,0.005
1785434831.5221324,1.0,-1.0,1.57,0.0,0.0,0.0,302,0,0.05,-0.03,0.0,0.0,0.0,0.005
1785434832.042068,1.0,-1.0,1.57,0.0,0.0,0.0,304,0,0.05,-0.03,0.0,0.0,0.0,0.005
1785434832.5500956,1.0,-1.0,1.57,0.0,0.0,0.0,306,0,0.05,-0.03,0.0,0.0,0.0,0.005
1785434833.1021478,1.0,-1.0,1.57,0.0,0.0,0.0,308,0,0.05,-0.03,0.0,0.0,0.0,0.005
