t,icp_pos_err_mm
0.025000,4.4304
0.050000,7.7253
0.076000,3.2669
0.176000,4.9598
0.201000,3.4422
0.226000,1.7894
0.251000,6.0257
0.276000,3.4182
0.301000,6.0595
0.501000,5.7146
0.576000,3.0895
0.651000,5.3953
0.726000,5.2427
0.876000,6.2417
0.901000,5.9224
0.926000,5.1981
0.951000,4.5902
0.976000,4.3664
1.076000,2.3782
1.101000,6.3312
1.126000,4.7459
1.301000,4.5184
1.326000,4.2874
1.376000,2.4267
1.401000,3.3232
1.426000,5.0510
1.451000,6.3727
1.551000,5.9979
1.651000,6.4764
1.676000,4.0448
1.701000,4.8704
1.726000,7.0780
1.751000,3.7283
1.776000,6.5063
1.801000,8.4261
1.826000,1.2034
1.851000,2.9385
1.926000,7.6859
2.051000,4.3712
2.101000,3.4262
2.151000,5.4263
2.301000,2.4778
2.376000,3.8782
2.401000,6.2338
2.426000,3.1207
2.451000,4.6917
2.476000,5.2132
2.501000,6.4236
2.526000,4.5722
2.551000,2.3247
2.576000,8.3960
2.601000,7.8327
2.626000,4.3952
2.651000,3.8128
2.676000,5.6120
2.701000,3.6439
2.726000,2.5704
2.751000,2.9664
2.801000,1.9324
2.826000,8.4009
2.851000,1.6467
2.876000,4.0757
2.901000,6.2262
2.926000,0.4622
2.951000,7.5107
2.976000,4.2473
3.001000,5.9362
3.026000,7.2453
3.176000,2.6605
3.226000,1.2563
3.301000,5.0807
3.326000,2.0069
3.401000,5.3317
3.426000,4.0504
3.451000,4.4195
3.476000,2.9279
3.501000,0.8000
3.526000,5.0243
3.551000,6.5083
3.576000,5.3734
3.626000,2.1743
3.676000,5.2166
3.701000,7.2260
3.726000,5.4028
3.751000,6.6098
3.776000,5.5420
3.801000,3.3590
3.826000,7.6886
3.851000,3.8690
3.876000,1.4369
3.901000,6.2797
3.926000,1.8564
3.951000,5.2003
3.976000,4.2506
4.026000,5.7989
4.051000,4.1373
4.076000,2.7832
4.126000,3.1063
4.176000,4.8991
4.201000,5.5993
4.226000,3.3900
4.251000,4.6422
4.276000,0.4124
4.301000,3.3316
4.326000,4.1758
4.351000,4.6412
4.376000,5.2377
4.401000,4.7329
4.426000,4.7337
4.451000,7.4743
4.476000,5.5338
4.501000,6.1441
4.526000,5.3050
4.576000,6.2878
4.626000,3.2127
4.651000,4.1952
4.676000,5.7320
4.701000,0.3710
4.726000,4.6565
4.751000,5.6093
4.776000,8.1302
4.801000,4.4732
4.826000,6.1925
4.851000,5.7063
4.876000,7.2680
4.901000,4.0226
4.926000,5.1042
4.976000,3.6247
5.001000,4.4228
5.026000,3.7606
5.051000,5.9012
5.076000,8.7722
5.151000,3.2026
5.176000,4.3023
5.201000,2.5973
5.226000,2.5459
5.276000,7.4679
5.301000,6.2122
5.326000,6.4674
5.351000,1.4426
5.401000,3.3289
5.426000,5.4806
5.451000,2.3976
5.476000,5.2438
5.501000,1.8475
5.551000,3.1230
5.576000,3.9254
5.601000,4.4021
5.626000,4.5504
5.726000,5.1150
5.751000,6.1749
5.776000,1.5911
5.826000,6.2569
5.851000,4.7819
5.876000,4.7375
6.001000,1.8755
6.026000,0.9682
6.051000,1.9571
6.101000,6.4367
6.126000,2.4803
6.151000,3.6973
6.176000,5.3934
6.201000,7.2113
6.276000,0.7294
6.351000,2.2708
6.376000,3.1625
6.401000,5.7130
6.426000,3.8532
6.451000,5.8763
6.476000,6.3057
6.501000,3.1914
6.526000,4.5207
6.551000,3.9454
6.576000,1.3508
6.601000,4.6456
6.626000,6.9905
6.651000,8.1428
6.676000,1.5638
6.701000,3.7350
6.726000,4.9351
6.801000,1.1033
6.851000,7.9866
6.926000,6.6140
6.951000,4.1946
6.976000,3.8800
7.001000,4.0032
7.051000,6.8513
7.101000,6.8061
7.126000,7.0718
7.151000,3.0310
7.176000,3.6460
7.201000,2.0429
7.226000,3.0782
7.276000,3.6276
7.301000,6.0768
7.351000,4.1964
7.376000,3.2331
7.426000,6.3865
7.451000,9.0523
7.576000,1.3297
7.601000,5.8717
7.651000,3.5127
7.676000,3.9980
7.701000,3.9073
7.726000,6.4021
7.751000,3.8854
7.776000,3.9167
7.826000,4.3661
7.851000,0.2913
7.876000,3.4642
7.926000,3.9913
7.951000,2.1439
7.976000,5.1688
8.001000,5.9886
8.026000,4.5580
8.051000,1.7867
8.076000,4.7340
8.101000,3.0830
8.151000,6.3257
8.176000,7.0990
8.201000,5.9937
8.226000,5.6351
8.251000,2.0883
8.326000,3.6988
8.376000,1.2947
8.401000,7.0423
8.476000,3.7336
8.501000,7.8501
8.526000,3.6922
8.551000,5.4306
8.576000,5.8643
8.601000,3.1022
8.626000,4.9203
8.676000,6.2154
8.726000,4.9051
8.751000,3.6152
8.776000,5.4250
8.801000,2.9535
8.826000,5.6761
8.851000,1.2113
8.901000,6.5861
8.926000,4.6738
8.951000,4.8625
8.976000,2.1863
9.001000,9.1304
9.026000,5.4296
9.051000,3.3944
9.076000,2.9050
9.126000,1.0982
9.176000,1.7161
9.201000,5.0220
9.226000,6.8777
9.251000,3.7019
9.276000,2.6600
9.301000,1.6298
9.326000,6.5764
9.351000,4.7853
9.426000,3.8362
9.451000,2.2636
9.476000,0.3269
9.501000,6.5721
9.526000,3.6986
9.576000,4.6416
9.676000,6.7013
9.701000,6.6044
9.776000,3.3474
9.801000,4.0495
9.826000,6.2035
9.851000,6.8220
9.876000,6.6337
9.901000,5.1652
9.926000,5.5156
9.951000,3.3085
9.976000,4.8691
10.026000,2.6814
10.076000,6.3958
10.126000,4.5044
10.151000,2.9157
10.176000,1.0522
10.201000,3.7671
10.226000,2.5166
10.251000,5.2725
10.276000,3.1402
10.326000,4.2392
10.351000,6.1078
10.376000,3.6909
10.426000,6.2614
10.451000,7.7684
10.476000,5.3913
10.526000,3.2193
10.551000,4.7812
10.626000,7.8056
10.676000,5.0918
10.701000,6.8653
10.726000,2.3700
10.751000,2.9612
10.776000,4.7014
10.826000,2.9513
10.876000,6.8026
10.901000,6.9918
10.976000,13.2234
11.001000,14.4295
11.076000,13.7406
11.101000,18.8671
11.126000,17.4414
11.176000,18.3426
11.201000,15.6261
11.301000,8.8314
11.326000,8.2084
11.351000,13.3119
11.401000,3.9309
11.426000,4.9340
11.501000,6.6072
11.526000,10.5588
11.551000,3.8658
11.576000,3.5241
11.601000,4.4671
11.626000,4.9185
11.651000,4.4136
11.726000,8.2884
11.751000,6.0864
11.826000,12.5905
11.876000,2.6290
11.901000,5.1221
11.926000,8.0106
11.951000,2.7525
12.001000,9.4369
12.051000,6.6105
12.076000,3.8709
12.101000,8.1297
12.126000,7.4207
12.151000,4.0859
12.201000,6.7139
12.301000,6.7859
12.326000,7.2637
12.376000,7.2640
12.401000,12.9572
12.476000,15.4139
12.501000,8.6779
12.576000,11.1916
12.601000,8.8096
12.626000,12.8158
12.651000,12.9597
12.676000,12.9161
12.751000,6.7569
12.776000,6.1838
12.801000,8.2838
12.901000,5.3451
12.926000,5.8640
12.951000,2.8776
13.001000,7.6310
13.026000,6.5014
13.076000,4.6730
13.151000,9.0210
13.176000,14.2399
13.201000,9.4081
13.251000,13.8454
13.301000,11.4415
13.326000,12.1016
13.351000,13.9092
13.401000,6.5820
13.451000,6.4311
13.501000,4.2910
13.526000,6.0536
13.551000,4.9826
13.576000,9.5766
13.601000,7.9766
13.626000,7.2021
13.651000,9.3179
13.676000,4.3742
13.726000,10.2025
13.751000,8.4652
13.776000,6.0843
13.801000,5.2626
13.826000,6.1354
13.851000,7.6658
13.876000,2.3326
13.901000,6.7728
13.951000,6.5810
13.976000,5.3035
14.001000,5.3514
14.026000,2.4245
14.076000,5.3718
14.101000,11.0667
14.126000,8.3941
14.151000,7.1239
14.176000,7.5454
14.226000,6.3237
14.251000,0.7806
14.301000,8.5860
14.326000,2.7959
14.351000,6.3962
14.376000,4.6372
14.401000,8.5476
14.426000,5.9606
14.451000,4.2237
14.476000,10.4786
14.501000,8.4531
14.526000,7.5095
14.551000,4.3803
14.576000,8.6845
14.626000,4.9522
14.651000,6.9884
14.676000,12.8351
14.701000,12.0056
14.726000,3.9700
14.751000,8.6897
14.801000,8.0648
14.826000,3.9767
14.851000,0.9647
14.876000,7.3221
14.901000,11.9762
14.926000,9.0383
14.976000,32.1310
15.001000,10.4043
15.026000,11.8247
15.051000,8.7073
15.101000,5.8467
15.126000,8.0706
15.151000,15.7288
15.176000,13.8920
15.201000,11.7302
15.226000,13.6623
15.276000,11.0366
15.301000,13.0947
15.326000,11.2070
15.351000,16.4246
15.401000,8.8501
15.426000,11.2166
15.451000,12.6752
15.476000,7.5391
15.501000,10.3562
15.526000,17.8475
15.551000,10.9983
15.576000,8.6424
15.601000,9.4540
15.626000,8.3075
15.651000,8.7479
15.726000,8.1667
15.751000,7.6486
15.776000,8.9752
15.801000,10.6111
15.851000,8.6525
15.876000,7.9264
15.901000,7.7810
15.926000,7.6413
15.951000,12.0008
15.976000,8.7879
16.001000,13.0952
16.026000,13.4249
16.051000,7.2039
16.101000,8.5214
16.126000,10.7176
16.151000,9.7759
16.176000,8.8057
16.201000,7.2842
16.226000,10.6685
16.276000,6.4105
16.301000,9.2177
16.326000,9.6717
16.351000,15.1921
16.401000,11.9310
16.426000,14.8045
16.451000,7.5669
16.476000,6.3627
16.501000,10.8270
16.526000,12.4008
16.551000,7.5749
16.576000,9.6340
16.601000,5.8882
16.626000,5.1012
16.651000,10.7972
16.676000,5.7086
16.701000,8.1341
16.751000,8.2412
16.776000,8.2452
16.801000,5.8676
16.826000,5.4308
16.851000,7.7811
16.876000,11.4970
16.901000,7.6247
16.926000,7.5822
16.951000,11.8472
16.976000,9.8646
17.001000,10.4174
17.026000,11.3066
17.051000,6.5349
17.101000,6.3759
17.126000,9.7443
17.151000,7.3848
17.176000,4.9805
17.201000,11.7363
17.226000,8.8347
17.251000,10.3949
17.276000,7.7380
17.301000,10.0693
17.326000,12.1396
17.351000,7.7524
17.376000,8.5107
17.476000,6.5398
17.501000,9.0660
17.526000,9.4042
17.551000,9.4898
17.576000,7.2976
17.601000,6.4046
17.626000,8.2182
17.651000,7.1372
17.676000,7.0401
17.701000,10.0972
17.726000,8.6177
17.751000,10.9157
17.801000,6.8509
17.851000,7.4742
17.901000,2.5157
17.926000,5.0964
17.951000,7.3991
17.976000,7.5413
18.001000,8.4299
18.026000,10.8618
18.076000,11.1544
18.101000,8.5975
18.151000,14.6467
18.176000,9.4613
18.201000,9.7997
18.251000,6.4585
18.276000,2.0839
18.326000,3.3997
18.351000,2.8286
18.376000,1.9593
18.401000,3.7304
18.426000,7.4257
18.451000,3.5514
18.501000,5.6243
18.526000,2.8568
18.551000,4.6394
18.576000,4.7352
18.601000,3.6705
18.626000,2.6660
18.651000,6.0743
18.676000,2.2142
18.701000,5.4157
18.726000,6.6782
18.751000,5.6553
18.776000,1.5821
18.801000,2.1600
18.826000,4.2666
18.851000,2.7223
18.901000,3.5799
18.926000,2.0906
18.951000,2.0047
18.976000,2.1675
19.026000,16.0049
19.051000,1.9851
19.101000,1.2886
19.126000,3.0253
19.201000,5.9295
19.226000,5.0472
19.251000,5.6288
19.276000,5.9344
19.326000,1.7080
19.351000,6.3011
19.376000,4.8980
19.426000,1.8760
19.451000,4.4385
19.476000,5.1984
19.501000,3.4079
19.526000,6.4327
19.576000,5.2828
19.601000,2.3735
19.626000,9.8028
19.651000,4.1688
19.701000,5.0762
19.726000,4.4035
19.751000,3.6009
19.776000,3.9547
19.801000,3.8916
19.826000,3.5335
19.851000,3.7802
19.876000,1.3186
19.901000,2.3641
19.926000,2.4772
19.951000,6.1446
19.976000,3.6359
20.026000,2.1957
20.051000,4.6715
20.076000,1.5743
20.101000,2.9320
20.151000,2.8727
20.176000,2.8549
20.201000,5.1892
20.226000,3.3726
20.251000,2.7689
20.276000,6.2862
20.301000,1.4683
20.326000,2.0110
20.351000,2.0637
20.376000,5.8978
20.401000,2.4582
20.426000,6.3890
20.451000,2.0064
20.476000,2.8266
20.526000,9.5983
20.551000,1.3282
20.576000,3.0881
20.601000,1.4687
20.651000,1.6275
20.676000,6.1816
20.701000,2.3197
20.726000,2.6001
20.751000,3.5836
20.776000,1.3750
20.801000,5.2185
20.826000,1.8890
20.851000,2.1537
20.876000,15.4278
20.901000,7.2693
20.926000,7.6121
20.976000,1.2839
21.001000,1.3946
21.026000,4.6055
21.051000,7.1873
21.076000,6.4042
21.101000,1.1800
21.126000,5.1432
21.151000,7.5173
21.176000,2.0077
21.201000,4.8024
21.226000,4.3493
21.251000,2.0115
21.276000,8.6454
21.301000,11.0855
21.326000,10.6382
21.376000,6.3642
21.426000,10.0936
21.451000,3.9665
21.476000,4.9689
21.501000,8.5328
21.526000,11.2689
21.551000,5.4804
21.576000,8.9396
21.601000,8.3829
21.651000,3.7713
21.676000,5.5183
21.701000,6.0810
21.726000,3.9355
21.751000,9.9320
21.776000,6.1845
21.801000,6.3684
21.826000,5.9460
21.851000,5.3554
21.876000,5.7445
21.901000,6.2737
21.951000,5.6057
21.976000,12.2073
22.001000,7.8710
22.026000,7.7956
22.051000,12.4033
22.076000,7.7442
22.126000,3.4508
22.151000,8.4777
22.176000,9.5532
22.201000,6.3919
22.226000,6.0732
22.251000,3.6829
22.351000,16.7609
22.376000,11.5350
22.426000,9.9257
22.451000,9.3731
22.476000,7.2211
22.501000,6.8361
22.526000,7.9873
22.551000,7.9456
22.576000,10.3432
22.601000,4.9473
22.626000,7.0110
22.651000,6.5772
22.676000,10.6770
22.701000,8.1416
22.726000,6.7667
22.751000,8.2729
22.776000,6.2755
22.801000,7.6079
22.826000,11.5438
22.851000,5.0170
22.876000,9.6014
22.901000,9.0286
22.926000,6.7817
22.951000,7.5657
22.976000,5.2899
23.001000,7.2809
23.026000,9.2076
23.051000,10.6214
23.076000,7.2209
23.101000,9.2054
23.126000,7.7147
23.151000,5.9874
23.176000,8.7034
23.201000,17.0888
23.226000,15.3920
23.251000,15.1686
23.276000,15.6098
23.301000,7.5823
23.326000,9.6994
23.351000,8.4015
23.376000,10.5680
23.401000,10.3557
23.426000,10.7322
23.451000,10.1911
23.501000,9.2103
23.526000,9.1265
23.551000,7.7781
23.576000,8.3681
23.601000,9.0052
23.626000,6.7290
23.651000,8.2718
23.676000,9.0533
23.701000,7.5604
23.751000,9.6048
23.776000,9.4762
23.801000,12.0196
23.826000,8.5334
23.851000,9.1273
23.876000,9.7260
23.901000,8.0531
23.926000,12.8780
23.951000,10.3234
23.976000,9.1284
24.001000,13.0758
24.026000,11.2475
24.051000,10.4402
24.076000,6.9252
24.101000,10.9568
24.151000,4.7849
24.176000,12.1480
24.201000,7.5979
24.251000,8.3226
24.276000,8.1652
24.301000,8.3258
24.326000,9.0056
24.351000,10.2104
24.376000,6.8273
24.401000,9.7226
24.426000,11.9759
24.451000,9.6089
24.476000,10.7265
24.501000,8.7582
24.526000,11.7163
24.551000,7.4126
24.576000,9.5692
24.601000,10.1211
24.626000,10.7706
24.651000,14.3288
24.676000,11.1213
24.701000,12.3811
24.726000,10.5814
24.751000,11.6014
24.776000,9.0440
24.801000,8.5347
24.826000,12.6992
24.851000,9.2115
24.876000,10.3255
24.901000,9.4837
24.926000,10.1070
24.951000,6.6919
24.976000,7.6172
25.001000,6.4553
25.026000,8.9403
25.051000,4.5847
25.076000,5.9812
25.101000,6.9238
25.126000,10.5186
25.151000,8.3152
25.176000,7.1128
25.201000,7.3425
25.226000,7.9369
25.251000,4.0212
25.276000,8.1594
25.301000,7.9081
25.326000,6.4157
25.351000,6.2584
25.376000,7.5612
25.401000,4.1693
25.426000,5.7130
25.451000,4.5608
25.476000,3.1677
25.501000,8.6600
25.526000,4.6400
25.551000,6.7268
25.576000,5.9536
25.601000,6.0973
25.626000,1.7632
25.651000,3.0127
25.676000,8.9195
25.701000,5.8991
25.726000,6.7919
25.751000,7.4972
25.776000,5.7662
25.801000,5.6734
25.826000,6.9421
25.851000,7.8724
25.876000,5.0601
25.901000,4.1639
25.926000,5.8186
25.951000,8.1513
25.976000,4.5340
26.001000,6.1897
26.026000,6.6209
26.051000,4.8931
26.076000,7.1543
26.101000,4.4914
26.126000,0.7975
26.151000,5.8479
26.226000,6.2020
26.251000,4.2318
26.276000,6.8250
26.301000,3.4669
26.351000,2.6603
26.376000,5.5970
26.401000,1.2431
26.426000,1.5722
26.451000,2.9774
26.476000,1.7169
26.526000,4.7081
26.551000,5.8278
26.576000,3.3478
26.601000,2.0415
26.626000,2.3923
26.651000,4.1122
26.676000,0.2088
26.701000,3.7815
26.726000,4.6185
26.751000,5.0604
26.776000,4.2221
26.826000,2.6969
26.851000,2.8515
26.876000,8.4726
26.901000,6.0740
26.926000,3.4049
27.001000,5.9142
27.026000,3.6684
27.051000,5.4336
27.076000,2.1012
27.101000,6.4194
27.151000,5.1614
27.176000,4.8477
27.201000,4.9183
27.226000,5.0690
27.251000,1.8378
27.276000,2.8726
27.301000,2.3287
27.326000,6.4806
27.351000,5.6654
27.376000,1.1557
27.401000,6.0338
27.426000,4.3438
27.451000,2.0335
27.476000,3.9812
27.501000,5.8667
27.526000,4.2910
27.551000,6.0887
27.576000,2.7489
27.601000,4.7990
27.626000,3.3040
27.651000,4.1427
27.726000,3.1607
27.751000,4.9671
27.776000,5.2447
27.801000,5.9606
27.826000,3.5486
27.851000,4.7817
27.876000,4.3449
27.901000,4.7046
27.926000,5.4587
27.951000,4.2320
27.976000,5.7538
28.026000,5.1894
28.051000,3.8075
28.076000,6.0411
28.101000,6.8163
28.126000,6.1365
28.176000,2.7333
28.201000,7.2354
28.226000,1.4164
28.251000,4.1556
28.276000,3.5926
28.301000,6.5394
28.326000,3.0946
28.376000,5.2777
28.401000,7.2494
28.426000,4.6089
28.451000,4.9984
28.476000,3.6976
28.501000,7.6996
28.526000,4.3081
28.601000,6.2134
28.626000,3.3771
28.651000,6.1484
28.701000,12.9254
28.726000,12.5735
28.751000,9.7240
28.776000,9.5261
28.801000,10.6222
28.826000,12.0528
28.876000,14.1490
28.901000,11.4622
28.951000,12.4851
28.976000,9.4713
29.001000,12.8180
29.026000,6.8096
29.076000,1.5724
29.126000,4.1881
29.151000,5.9175
29.176000,7.3917
29.201000,3.0638
29.276000,6.3620
29.326000,3.4745
29.351000,13.5608
29.376000,12.2576
29.401000,13.3254
29.451000,13.9752
29.476000,12.1013
29.501000,10.1917
29.526000,12.0387
29.551000,11.5434
29.576000,3.3186
29.626000,5.6100
29.676000,1.2123
29.701000,7.2120
29.776000,6.4988
29.801000,7.9253
29.851000,1.2923
29.876000,3.2064
29.926000,1.4792
29.951000,5.2455
29.976000,7.8362
30.026000,7.6683
30.051000,6.5415
30.101000,6.2708
30.126000,7.9493
30.176000,1.9669
30.226000,9.2796
30.251000,4.4927
30.276000,3.6933
30.301000,6.1543
30.326000,6.5110
30.376000,6.2051
30.401000,4.0457
30.426000,6.9121
30.451000,6.8900
30.476000,6.1706
30.501000,9.8229
30.526000,3.8296
30.576000,7.3523
30.651000,3.2456
30.676000,4.7680
30.726000,3.1081
30.751000,7.7955
30.776000,5.4475
30.801000,11.1888
30.826000,7.8112
30.876000,3.9498
30.901000,4.5762
30.926000,7.9968
30.951000,3.3865
30.976000,1.6832
31.001000,5.1323
31.026000,6.7166
31.076000,6.1589
31.151000,4.8155
31.176000,8.9660
31.226000,7.2344
31.251000,7.5892
31.276000,3.8078
31.326000,8.2288
31.351000,10.9742
31.376000,5.6043
31.401000,5.5512
31.426000,8.5629
31.451000,4.4265
31.476000,11.8014
31.501000,5.1965
31.526000,7.0961
31.551000,11.9269
31.576000,16.5286
31.601000,10.1377
31.626000,6.3926
31.651000,7.7173
31.676000,9.8244
31.701000,12.7062
31.726000,12.2010
31.751000,12.4084
31.776000,10.0786
31.826000,12.0603
31.876000,15.5244
31.901000,12.0781
31.951000,14.0705
31.976000,13.1316
32.001000,14.3976
32.026000,11.6233
32.051000,12.2795
32.101000,9.5808
32.126000,7.8944
32.151000,9.7795
32.176000,8.6861
32.201000,8.3677
32.226000,10.6938
32.251000,7.6946
32.276000,10.0860
32.301000,10.5110
32.326000,7.3011
32.376000,8.4826
32.401000,9.6144
32.426000,10.0744
32.451000,9.2893
32.476000,8.2713
32.501000,10.4032
32.526000,10.8709
32.551000,9.3278
32.576000,8.0327
32.601000,7.7340
32.626000,7.7994
32.651000,9.2031
32.676000,8.0943
32.701000,8.6154
32.726000,8.8582
32.751000,9.4053
32.776000,10.1002
32.826000,6.7521
32.851000,9.0707
32.876000,8.2184
32.901000,7.4903
32.926000,9.5801
32.976000,9.9131
33.001000,12.5361
33.026000,7.5252
33.051000,14.0024
33.076000,9.0809
33.101000,9.7671
33.126000,8.5954
33.151000,13.5166
33.176000,13.8448
33.201000,7.4366
33.226000,1.3682
33.251000,9.8832
33.276000,1.7438
33.301000,6.9044
33.326000,7.8659
33.376000,8.9697
33.401000,6.9465
33.426000,8.2152
33.451000,6.3298
33.476000,12.5831
33.501000,6.4101
33.526000,8.5090
33.551000,11.5314
33.576000,12.4861
33.601000,4.9118
33.626000,7.5967
33.651000,15.8204
33.676000,11.5333
33.701000,8.5332
33.726000,7.7832
33.751000,5.4534
33.776000,7.3140
33.801000,9.7442
33.826000,7.5346
33.851000,6.4163
33.876000,8.7355
33.901000,10.1768
33.926000,11.4325
33.951000,7.1175
33.976000,7.7055
34.001000,9.4377
34.026000,6.6313
34.051000,15.2607
34.076000,7.4285
34.101000,7.1501
34.126000,6.4157
34.176000,5.6279
34.201000,6.3345
34.226000,8.2247
34.251000,3.6402
34.276000,8.5348
34.301000,8.9933
34.326000,6.3482
34.351000,7.6661
34.376000,7.5952
34.401000,5.9964
34.426000,7.1678
34.451000,5.2973
34.476000,7.3973
34.501000,11.3636
34.526000,8.8562
34.551000,5.5640
34.576000,7.3684
34.601000,4.1832
34.626000,7.5418
34.651000,4.8734
34.676000,7.2928
34.701000,7.5723
34.726000,12.8492
34.751000,6.0954
34.776000,5.1209
34.801000,7.0216
34.826000,5.5697
34.851000,6.3778
34.876000,0.6657
34.901000,9.4507
34.926000,6.2507
34.951000,9.8785
34.976000,6.6912
35.001000,3.6630
35.026000,6.5236
35.051000,5.6277
35.076000,6.0333
35.101000,1.3718
35.126000,4.9682
35.151000,2.1644
35.176000,3.5401
35.201000,1.9197
35.251000,8.2845
35.276000,5.1354
35.301000,3.2660
35.351000,2.6892
35.376000,1.5742
35.401000,3.0960
35.426000,16.7174
35.451000,1.3514
35.476000,1.7583
35.501000,1.0177
35.526000,2.0818
35.551000,2.3839
35.576000,1.5305
35.601000,1.8633
35.626000,4.6900
35.651000,2.2481
35.676000,5.1495
35.701000,2.7289
35.726000,5.0132
35.751000,4.4890
35.776000,3.1567
35.801000,0.6832
35.826000,1.5527
35.851000,4.0128
35.876000,1.6845
35.901000,2.7005
35.926000,3.2748
35.951000,2.9078
35.976000,2.7885
36.001000,3.9329
36.026000,3.3773
36.051000,3.8685
36.076000,2.6355
36.101000,5.1921
36.126000,3.9614
36.151000,3.2994
36.176000,2.5085
36.201000,1.3424
36.226000,6.0555
36.251000,3.0195
36.276000,5.0340
36.301000,1.8129
36.326000,3.0060
36.351000,3.2167
36.376000,1.9710
36.401000,2.6644
36.426000,6.0909
36.451000,2.3130
36.476000,5.4606
36.501000,1.3494
36.526000,4.0169
36.551000,2.0722
36.576000,7.5354
36.601000,4.0233
36.626000,4.7863
36.676000,4.9677
36.701000,4.7924
36.726000,2.3196
36.776000,1.2015
36.851000,3.8090
36.876000,2.6295
36.901000,3.7969
36.926000,3.4949
36.951000,3.5374
36.976000,4.8533
37.001000,5.5242
37.026000,8.6756
37.076000,4.0446
37.101000,2.0545
37.126000,1.6602
37.151000,2.8355
37.176000,2.8143
37.201000,2.6251
37.226000,2.3979
37.251000,2.0184
37.276000,2.6420
37.326000,1.2073
37.401000,6.0238
37.426000,1.6113
37.451000,4.1606
37.476000,4.4746
37.501000,6.3401
37.526000,1.0769
37.551000,8.0184
37.601000,8.9494
37.626000,17.2221
37.651000,2.5038
37.676000,1.6527
37.751000,7.1849
37.776000,22.1023
37.801000,5.5890
37.826000,22.4050
37.851000,8.5295
37.876000,7.3423
37.901000,7.1013
37.926000,9.7143
37.951000,8.3166
37.976000,6.7190
38.001000,7.0317
38.051000,4.5318
38.076000,8.2274
38.101000,12.1672
38.126000,6.9598
38.151000,11.5381
38.176000,6.2794
38.201000,13.7077
38.226000,9.1758
38.251000,10.0498
38.276000,6.7591
38.301000,9.9573
38.326000,6.6903
38.351000,6.5994
38.376000,7.8962
38.401000,10.8740
38.426000,8.5970
38.451000,5.4838
38.501000,1.7789
38.526000,9.0123
38.551000,7.9504
38.576000,7.4544
38.601000,9.6714
38.626000,14.2394
38.651000,4.2449
38.676000,2.8172
38.701000,3.9107
38.726000,6.2400
38.751000,7.4537
38.776000,6.9502
38.826000,7.1969
38.851000,9.9569
38.876000,11.3430
38.901000,6.1349
38.926000,14.9669
38.951000,5.4471
39.001000,10.8051
39.026000,6.0322
39.051000,8.7412
39.076000,9.3977
39.101000,11.1972
39.126000,8.0006
39.151000,7.0318
39.176000,8.1408
39.201000,8.9342
39.226000,3.8840
39.251000,10.5832
39.276000,10.0100
39.301000,3.7836
39.326000,9.0792
39.351000,7.4779
39.376000,9.4636
39.401000,14.2566
39.426000,11.9558
39.451000,6.6656
39.501000,10.9536
39.526000,7.0372
39.576000,9.7369
39.601000,7.0815
39.626000,11.1959
39.651000,7.5734
39.701000,9.6447
39.726000,7.4101
39.751000,6.2871
39.776000,6.6339
39.801000,13.3616
39.826000,9.0517
39.851000,7.2769
39.876000,13.2566
39.901000,15.6172
39.926000,11.7945
39.976000,9.5764
40.001000,6.0617
40.051000,11.2848
40.076000,12.7900
40.126000,8.4892
40.151000,6.1879
40.176000,8.0360
40.201000,8.9130
40.226000,12.4099
40.251000,7.9622
40.276000,7.0896
40.301000,9.7309
40.326000,10.1510
40.351000,9.6522
40.376000,9.1803
40.401000,10.3753
40.426000,8.0822
40.451000,7.9268
40.476000,6.7304
40.501000,13.2518
40.526000,4.0631
40.551000,6.9766
40.576000,7.8639
40.601000,10.7934
40.626000,7.5731
40.651000,4.9898
40.676000,9.7499
40.701000,9.3613
40.726000,9.1443
40.751000,9.2854
40.801000,9.4599
40.826000,11.1282
40.851000,10.4117
40.876000,9.8000
40.901000,8.3403
40.926000,5.9093
40.951000,6.6241
40.976000,8.2220
41.001000,6.0686
41.026000,5.6556
41.101000,9.4017
41.126000,10.7348
41.151000,9.2344
41.176000,8.6195
41.201000,13.5019
41.226000,12.6442
41.251000,8.3936
41.276000,9.7832
41.301000,10.1459
41.326000,9.6486
41.351000,8.6059
41.376000,9.2003
41.401000,12.4378
41.426000,9.1199
41.451000,11.3783
41.476000,10.0980
41.501000,10.6019
41.526000,8.5715
41.551000,6.0000
41.576000,8.7218
41.601000,8.5978
41.626000,6.2118
41.676000,6.0218
41.701000,7.4762
41.726000,7.7527
41.751000,8.3426
41.776000,8.5582
41.801000,10.3164
41.826000,5.7397
41.851000,6.7143
41.876000,10.8719
41.901000,9.2396
41.926000,5.3796
41.951000,5.7584
41.976000,9.1177
42.026000,8.5719
42.051000,9.3469
42.076000,9.1800
42.101000,9.0368
42.126000,5.7158
42.151000,6.9365
42.176000,5.6576
42.226000,5.8028
42.251000,8.1324
42.276000,1.6817
42.301000,5.5733
42.326000,7.7306
42.351000,5.0158
42.376000,11.6734
42.401000,6.6306
42.426000,5.3564
42.451000,7.9441
42.476000,13.4861
42.501000,7.3086
42.526000,9.0969
42.551000,7.1480
42.576000,8.0213
42.601000,4.1814
42.626000,1.7769
42.651000,7.0242
42.676000,2.8033
42.701000,2.9121
42.726000,6.9821
42.751000,3.4706
42.776000,3.4732
42.801000,2.8420
42.826000,3.9238
42.851000,4.4442
42.876000,4.0098
42.901000,3.4211
42.926000,4.8287
42.951000,3.6245
42.976000,9.7410
43.001000,5.3150
43.026000,3.2756
43.051000,7.6649
43.076000,2.7419
43.101000,4.9723
43.126000,6.1825
43.201000,3.0523
43.226000,6.4424
43.251000,3.3272
43.301000,2.2223
43.326000,4.0169
43.351000,4.5920
43.376000,6.0047
43.401000,0.7877
43.426000,4.6483
43.451000,7.1930
43.476000,4.4804
43.526000,7.2826
43.551000,4.4886
43.576000,4.1473
43.601000,7.4018
43.626000,3.6958
43.651000,4.4326
43.676000,6.1116
43.701000,3.2174
43.726000,5.8255
43.751000,3.4256
43.776000,3.7064
43.801000,3.8171
43.826000,4.0395
43.851000,3.3561
43.876000,0.7332
43.901000,4.8880
43.926000,4.0434
43.951000,4.2856
43.976000,2.8209
44.001000,1.7272
44.026000,3.5788
44.051000,6.5145
44.076000,3.3749
44.101000,1.8401
44.126000,3.5566
44.151000,0.6542
44.176000,2.5289
44.201000,1.0948
44.226000,5.6242
44.251000,3.6073
44.276000,0.6193
44.301000,1.7471
44.326000,4.5140
44.351000,5.2854
44.376000,3.6716
44.401000,5.0424
44.426000,2.6831
44.451000,4.4648
44.476000,7.2100
44.501000,1.8190
44.526000,6.4085
44.551000,5.0367
44.601000,3.4813
44.626000,12.8470
44.651000,4.3744
44.676000,4.9505
44.701000,7.9994
44.726000,5.5184
44.751000,6.6470
44.776000,17.0018
44.801000,5.9559
44.826000,6.1509
44.851000,6.7000
44.876000,3.7569
44.901000,5.9657
44.926000,6.8075
44.951000,8.2589
44.976000,2.5816
45.001000,5.2298
45.026000,6.6181
45.051000,5.4566
45.076000,7.3039
45.101000,3.8800
45.126000,10.5624
45.151000,10.0732
45.176000,7.4047
45.201000,4.0110
45.226000,9.0461
45.251000,15.2731
45.276000,14.7538
45.301000,9.5721
45.326000,11.3542
45.351000,11.4940
45.376000,8.6450
45.401000,14.7542
45.426000,11.2706
45.451000,12.1311
45.476000,8.9593
45.501000,10.3928
45.526000,3.5877
45.551000,3.6018
45.576000,7.1731
45.601000,5.8849
45.626000,3.5748
45.651000,1.7797
45.676000,4.8671
45.701000,6.0047
45.726000,5.7065
45.751000,5.2499
45.826000,7.7366
45.851000,7.8206
45.876000,5.4735
45.901000,6.5701
45.926000,2.3873
45.951000,5.1285
46.001000,5.2591
46.026000,11.1463
46.051000,6.2737
46.076000,5.8573
46.101000,5.8123
46.126000,4.4011
46.151000,6.2763
46.176000,5.5910
46.201000,5.4395
46.226000,1.9826
46.251000,5.1741
46.276000,7.7864
46.301000,4.2671
46.326000,3.9724
46.351000,6.7561
46.376000,5.5994
46.401000,5.2550
46.426000,3.6735
46.451000,3.9648
46.501000,1.8966
46.526000,5.9717
46.551000,5.0670
46.576000,5.7175
46.601000,9.1564
46.626000,5.8496
46.651000,7.4063
46.676000,4.3486
46.726000,8.0187
46.751000,5.9010
46.776000,9.3289
46.801000,8.1423
46.826000,6.1085
46.851000,9.1615
46.901000,8.1114
46.926000,5.7359
46.951000,6.8512
46.976000,5.8579
47.001000,8.1228
47.026000,5.6144
47.051000,9.1825
47.076000,4.6151
47.126000,5.9316
47.151000,6.2634
47.176000,1.3120
47.201000,5.1601
47.226000,7.3345
47.276000,6.7931
47.326000,6.4380
47.376000,4.5747
47.401000,7.3929
47.426000,4.5197
47.451000,11.2961
47.476000,7.4379
47.501000,9.4087
47.526000,11.6164
47.551000,10.3671
47.576000,6.7065
47.601000,6.2677
47.626000,8.0965
47.651000,11.6657
47.676000,13.6820
47.701000,12.3529
47.726000,12.5445
47.751000,11.5964
47.776000,13.1408
47.801000,10.4821
47.826000,12.3342
47.851000,11.8689
47.901000,9.1621
47.926000,11.8289
47.951000,15.2502
47.976000,8.5180
48.001000,11.2750
48.026000,24.6837
48.051000,8.7774
48.076000,12.1220
48.101000,11.3241
48.126000,10.4683
48.151000,6.3415
48.176000,12.9622
48.201000,12.1277
48.226000,7.3019
48.251000,12.2395
48.276000,14.1561
48.301000,7.9661
48.326000,5.5285
48.351000,10.5016
48.376000,8.4017
48.401000,9.7981
48.426000,9.1339
48.451000,12.7963
48.476000,11.4376
48.501000,7.3194
48.526000,7.3309
48.551000,9.1859
48.576000,7.2346
48.601000,9.9307
48.626000,5.0115
48.651000,9.1542
48.676000,5.8536
48.701000,8.9686
48.726000,9.1151
48.751000,5.5068
48.776000,8.6875
48.801000,11.2000
48.851000,9.1317
48.876000,14.4734
48.901000,13.4294
48.926000,14.5257
48.951000,13.6082
48.976000,7.9060
49.001000,10.5993
49.051000,12.5086
49.076000,6.7690
49.101000,2.2077
49.126000,6.6819
49.151000,8.9905
49.176000,5.8077
49.201000,9.0726
49.226000,7.5395
49.251000,4.4196
49.276000,6.0196
49.301000,11.3447
49.326000,11.8518
49.351000,9.9351
49.376000,10.6255
49.401000,10.4183
49.426000,10.3365
49.451000,8.1738
49.476000,5.2160
49.501000,8.4300
49.551000,8.8493
49.576000,11.5323
49.601000,9.4414
49.626000,10.6506
49.651000,9.0134
49.676000,6.9072
49.701000,12.7092
49.726000,8.1562
49.751000,9.2898
49.776000,7.0558
49.801000,9.8612
49.826000,4.9758
49.851000,10.0036
49.876000,4.8543
49.901000,9.6968
49.926000,10.2976
49.951000,11.5661
49.976000,8.6266
50.001000,8.1734
50.026000,9.8223
50.076000,6.2619
50.126000,7.7337
50.151000,2.9549
50.176000,8.5054
50.201000,8.3130
50.226000,10.0161
50.251000,9.7233
50.276000,9.1297
50.301000,8.7126
50.326000,7.5982
50.351000,9.0755
50.376000,6.4298
50.401000,7.5478
50.426000,8.4197
50.451000,6.4710
50.476000,5.2150
50.501000,10.5969
50.526000,9.8219
50.551000,7.8257
50.576000,8.0588
50.601000,10.3390
50.626000,6.4077
50.676000,5.5299
50.701000,4.4344
50.726000,7.0622
50.751000,8.4317
50.776000,7.3439
50.801000,5.7964
50.826000,5.2712
50.851000,5.7225
50.876000,9.8562
50.926000,6.9435
51.001000,4.1208
51.026000,6.7260
51.051000,6.0816
51.076000,4.5789
51.101000,3.3660
51.151000,6.0531
51.201000,4.3053
51.226000,2.9805
51.301000,3.9126
51.326000,1.6640
51.351000,2.3366
51.376000,1.6381
51.401000,4.3623
51.426000,1.9364
51.451000,2.5652
51.476000,1.7920
51.501000,5.1415
51.526000,2.8988
51.551000,2.1189
51.576000,4.3616
51.601000,3.3316
51.626000,6.4761
51.651000,4.6220
51.676000,5.1984
51.701000,2.8452
51.726000,3.0527
51.751000,5.9282
51.776000,3.1902
51.801000,4.6519
51.826000,2.3135
51.851000,3.4965
51.876000,4.5709
51.901000,2.3316
51.926000,4.1314
51.951000,1.8156
51.976000,3.8771
52.001000,6.9124
52.026000,3.9737
52.051000,2.7916
52.076000,4.7704
52.101000,4.7738
52.126000,5.1750
52.151000,3.5545
52.176000,4.0353
52.201000,1.1195
52.226000,6.5088
52.251000,2.2283
52.276000,4.6703
52.301000,5.1658
52.351000,1.5859
52.376000,2.8100
52.401000,4.4499
52.426000,2.7487
52.451000,5.7770
52.476000,3.5856
52.501000,3.5234
52.526000,3.2950
52.551000,3.7833
52.576000,3.0446
52.601000,2.9271
52.626000,5.1451
52.651000,3.1595
52.676000,3.2371
52.701000,3.6820
52.726000,0.6981
52.751000,1.2246
52.776000,4.2111
52.801000,0.5292
52.826000,2.5576
52.851000,4.3768
52.876000,3.4004
52.901000,2.7290
52.926000,2.4577
52.951000,5.1212
52.976000,1.3694
53.001000,5.4674
53.026000,2.8748
53.051000,2.7807
53.076000,4.2927
53.101000,2.9948
53.126000,6.6042
53.151000,4.6920
53.176000,5.8273
53.201000,2.5619
53.226000,2.8924
53.251000,1.8062
53.276000,5.1533
53.301000,0.7128
53.326000,4.7956
53.351000,4.8932
53.376000,2.8081
53.401000,1.8995
53.426000,0.9585
53.451000,4.3246
53.476000,10.6356
53.501000,2.3870
53.526000,2.3763
53.551000,1.5729
53.576000,1.1621
53.601000,3.6707
53.626000,8.5341
53.651000,1.5348
53.676000,2.3437
53.701000,2.0504
53.726000,5.0884
53.751000,2.4545
53.776000,15.2598
53.801000,6.8045
53.826000,1.7493
53.851000,3.0926
53.876000,0.2866
53.901000,2.8703
53.926000,4.0162
53.951000,4.1859
53.976000,5.9865
54.001000,5.5023
54.026000,6.5834
54.051000,3.6493
54.076000,6.8393
54.101000,2.7758
54.126000,7.5895
54.151000,10.7462
54.176000,4.5997
54.201000,6.0885
54.226000,5.8572
54.251000,5.4632
54.276000,7.9571
54.301000,7.3978
54.326000,7.0269
54.351000,5.3038
54.376000,6.0284
54.401000,5.2024
54.426000,5.0244
54.451000,10.9795
54.476000,9.5163
54.501000,7.5903
54.526000,5.1403
54.551000,11.3890
54.576000,10.4669
54.601000,6.7424
54.626000,9.4762
54.651000,9.4419
54.676000,8.9059
54.701000,8.4598
54.726000,8.2477
54.751000,13.5562
54.776000,5.7736
54.801000,8.9558
54.826000,9.9660
54.851000,8.8760
54.876000,8.8021
54.901000,7.9213
54.926000,5.8440
54.951000,6.4992
54.976000,8.9804
55.001000,10.6587
55.026000,5.1695
55.051000,7.0477
55.076000,5.6934
55.101000,8.5588
55.126000,10.2136
55.151000,5.6402
55.176000,9.5984
55.201000,7.2742
55.226000,12.2392
55.251000,11.3972
55.276000,11.5442
55.301000,11.1887
55.326000,8.7800
55.351000,7.9367
55.376000,9.5355
55.401000,10.4983
55.426000,6.8255
55.451000,9.9327
55.476000,11.9122
55.501000,11.3243
55.526000,9.2061
55.551000,9.8843
55.576000,16.1854
55.601000,7.0490
55.626000,5.9082
55.651000,4.9201
55.676000,6.7090
55.701000,7.3694
55.726000,6.1313
55.751000,6.9364
55.776000,9.8984
55.801000,12.5381
55.826000,9.3961
55.851000,7.6711
55.876000,7.7308
55.901000,6.6991
55.926000,12.3873
55.951000,7.8212
55.976000,9.2924
56.026000,8.4310
56.051000,4.5339
56.076000,8.2188
56.101000,12.6472
56.126000,13.5850
56.151000,10.2537
56.176000,6.2951
56.201000,11.9708
56.226000,11.2289
56.251000,12.7684
56.276000,13.9075
56.301000,8.7671
56.326000,9.9156
56.351000,9.6608
56.376000,6.4672
56.426000,7.5221
56.451000,5.2067
56.501000,8.4161
56.526000,10.3048
56.551000,11.7483
56.576000,13.6031
56.601000,6.7682
56.626000,8.6048
56.651000,5.3320
56.676000,8.6229
56.701000,7.9802
56.726000,8.1108
56.751000,8.0543
56.776000,8.2109
56.801000,10.0668
56.826000,7.0456
56.851000,7.2923
56.876000,7.1222
56.901000,10.4142
56.926000,14.0520
56.951000,12.9497
56.976000,11.6074
57.001000,9.3693
57.026000,11.4675
57.051000,4.0374
57.076000,9.4736
57.101000,9.8468
57.151000,13.3625
57.176000,11.7343
57.201000,14.2720
57.226000,12.0970
57.276000,7.1775
57.301000,10.8477
57.326000,10.8746
57.351000,6.9346
57.376000,10.8847
57.401000,4.4562
57.426000,8.8737
57.451000,14.9751
57.476000,10.5861
57.501000,12.6485
57.526000,13.3663
57.576000,10.2024
57.626000,10.1013
57.651000,10.4050
57.676000,9.3336
57.701000,6.5514
57.726000,10.0681
57.751000,6.3694
57.776000,8.5822
57.801000,9.9899
57.826000,7.6623
57.851000,7.9598
57.876000,11.6439
57.901000,8.0382
57.926000,9.6558
57.951000,8.8365
57.976000,6.9304
58.001000,4.1164
58.026000,8.5653
58.051000,8.0945
58.076000,5.5634
58.101000,6.4503
58.126000,9.6636
58.151000,7.9210
58.176000,9.1566
58.201000,8.6715
58.226000,8.3074
58.251000,9.1386
58.276000,5.7772
58.301000,6.5489
58.326000,11.9195
58.351000,7.7027
58.376000,8.2860
58.401000,9.5734
58.426000,10.4146
58.451000,3.6732
58.476000,5.1541
58.501000,3.3313
58.526000,6.9563
58.551000,3.3582
58.576000,8.6849
58.601000,9.2864
58.626000,6.0246
58.651000,7.6436
58.676000,5.8260
58.701000,5.1182
58.726000,6.7450
58.751000,8.0992
58.776000,4.5022
58.826000,9.0468
58.851000,3.2112
58.876000,7.5876
58.901000,6.5038
58.926000,7.1253
58.951000,5.5340
58.976000,7.7486
59.001000,5.6479
59.026000,6.4336
59.051000,4.0020
59.076000,4.6120
59.101000,4.2323
59.126000,1.8349
59.151000,5.3497
59.176000,5.3216
59.201000,1.1332
59.226000,2.7192
59.251000,4.0891
59.276000,2.8510
59.301000,4.1659
59.326000,4.8251
59.351000,5.0872
59.376000,3.4283
59.401000,3.2421
59.426000,2.8225
59.451000,6.2604
59.476000,6.3349
59.501000,4.8798
59.526000,5.3828
59.551000,4.5523
59.576000,5.5905
59.601000,2.7226
59.626000,5.5039
59.651000,4.1475
59.676000,4.9682
59.701000,2.7679
59.751000,2.8811
59.776000,3.4675
59.801000,3.5517
59.826000,4.8720
59.851000,4.6835
59.876000,2.5705
59.901000,3.4891
59.926000,5.0063
59.951000,3.4454
59.976000,2.2771
60.001000,4.5017
60.026000,6.6693
60.051000,5.2011
60.076000,8.4925
60.101000,3.1040
60.126000,3.8441
60.151000,3.0338
60.176000,7.8396
60.201000,4.5304
60.226000,3.4061
60.251000,3.8650
60.276000,5.7408
60.301000,3.0204
60.326000,3.2336
60.351000,3.1870
60.376000,3.7497
60.401000,4.1670
60.426000,2.7431
60.451000,2.9426
60.476000,3.8834
60.501000,5.9335
60.526000,2.8011
60.551000,5.8335
60.576000,2.7112
60.601000,4.3451
60.626000,1.7122
60.651000,4.4021
60.701000,2.4997
60.726000,2.9966
60.751000,3.7203
60.776000,2.5692
60.826000,7.6496
60.876000,4.3568
60.926000,6.6682
60.951000,5.1862
60.976000,4.7123
61.001000,1.9667
61.026000,3.0344
61.051000,6.2102
61.076000,3.8490
61.101000,5.2830
61.126000,4.0701
61.151000,6.6434
61.176000,4.9763
61.201000,5.9608
61.251000,2.8196
61.276000,3.1141
61.301000,4.9553
61.326000,3.7311
61.351000,3.3354
61.376000,17.6006
61.401000,2.4714
61.426000,2.7484
61.451000,14.7357
61.476000,15.4151
61.501000,10.5130
61.526000,12.9555
61.551000,18.9125
61.576000,13.6815
61.601000,15.7562
61.626000,12.6895
61.651000,14.2885
61.676000,11.6279
61.701000,12.1951
61.726000,14.6505
61.751000,12.1498
61.776000,12.6306
61.826000,12.0285
61.851000,13.0795
61.876000,9.8886
61.901000,8.3276
61.926000,8.0062
61.951000,7.1813
61.976000,7.6009
62.001000,5.5840
62.026000,4.8716
62.051000,3.4472
62.076000,6.5399
62.101000,7.7521
62.126000,8.3135
62.151000,5.9071
62.176000,7.3405
62.201000,7.5312
62.226000,4.1167
62.251000,3.6737
62.276000,6.7040
62.301000,2.3783
62.326000,6.9936
62.351000,6.5058
62.376000,6.7959
62.401000,9.3389
62.426000,6.0065
62.451000,9.1609
62.476000,7.9737
62.501000,6.7403
62.526000,5.6251
62.551000,7.5289
62.576000,7.1152
62.601000,4.9030
62.626000,7.3881
62.651000,9.4720
62.676000,5.2575
62.701000,6.0527
62.726000,6.1680
62.751000,3.9569
62.776000,5.6401
62.801000,5.2473
62.826000,7.2919
62.851000,2.3596
62.876000,8.0420
62.901000,11.5994
62.926000,5.7641
62.951000,7.3155
62.976000,6.6299
63.001000,2.3257
63.026000,3.8557
63.051000,6.3216
63.076000,5.2112
63.101000,10.2015
63.126000,6.8848
63.151000,6.0294
63.176000,5.3416
63.226000,6.3159
63.251000,4.3849
63.276000,6.5281
63.301000,5.4368
63.351000,5.2892
63.426000,7.6002
63.451000,4.2107
63.476000,6.3429
63.501000,10.1585
63.526000,5.3895
63.551000,5.3394
